cbsa15,cbsaname15,pop14,unemployed_count,unemployment_percent,gmp_billion_usd,gmp_per_cap_usd,cagr01to15,cagr10to15,unicorns_count,unicorns_per1M,inc5000_count,inc5000_per1M,fortune1000_count,fortune1000_per1M,restaurants_count,restaurants_per10K,gini,gini_moe,patents_count,patents_per10K,top_patent_class_percent,top_patent_class,women_in_workforce_percent,fips_state,state_abbr,state_name,census_region,long,lat,business_starts_2014,business_exits_2014,business_starts_2014_per10K,business_exits_2014_per10K,jobs_created_2014_per1K
25980,"Hinesville, GA",82311,1889,5.7,3.1,37370,0.020761298,-0.012820745,,,,,,,27,3.3,0.41,0.02,10,1,0.2,Butchering,0.35,13,GA,Georgia,South,-81.607303,31.818678,73,66,8.9,8,17.9
17980,"Columbus, GA-AL",314005,8060,6.4,12.2,38840,0.010945396,0.007719037,,,3,10,8,25,169,5.4,0.48,0.01,167,5,0.13,Stoves and Furnaces,0.54,13,GA,Georgia,South,-84.937236,32.493254,123,100,3.9,3.2,8.2
25260,"Hanford-Corcoran, CA",150269,5540,9.7,4.8,32176,0.02293185,0.028902739,,,1,7,,,43,2.9,0.45,0.01,42,3,0.14,Animal Husbandry,0.47,6,CA,California,West,-119.728977,36.24275,148,102,9.8,6.8,14.5
21300,"Elmira, NY",87770,1861,5.2,3,34613,0.007480481,-0.005885425,,,,,,,68,7.7,0.46,0.01,934,106,0.18,Optical Waveguides,0.51,36,NY,New York,Northeast,-76.813054,42.118263,126,108,14.4,12.3,40.2
18020,"Columbus, IN",80217,1358,3,5.2,65161,0.027752008,0.031185392,,,4,50,3,37,60,7.5,0.43,0.01,816,102,0.22,Power Plants,0.34,18,IN,Indiana,Midwest,-85.902784,39.216785,132,128,16.5,16,63.2
30140,"Lebanon, PA",136359,2742,3.9,4.1,30148,0.013869327,0.001269721,,,3,22,,,66,4.8,0.4,0.01,204,15,0.21,Electrical Connectors,0.46,42,PA,Pennsylvania,Northeast,-76.442878,40.341616,136,128,10,9.4,26.5
11180,"Ames, IA",94073,1190,2.1,4.3,46092,0.017714167,-0.006734467,,,5,53,,,65,6.9,0.46,0.01,1025,109,0.17,Multicellular Living Organisms and Unmodified Parts Thereof and Related Processes,0.41,19,IA,Iowa,Midwest,-93.601828,42.026371,129,129,13.7,13.7,43.9
17420,"Cleveland, TN",119705,2859,4.8,4,33507,0.013227316,0.036425097,,,,,,,60,5,0.48,0.02,132,11,0.25,Electric Heating,0.42,47,TN,Tennessee,South,-84.816716,35.16015,170,129,14.2,10.8,42.4
30620,"Lima, OH",105040,2526,5.2,5.2,49714,0.009793028,0.018101062,,,,,,,58,5.5,0.45,0.01,89,8,0.08,Measuring and Testing,0.51,39,OH,Ohio,Midwest,-84.121914,40.757676,141,135,13.4,12.9,42.1
44940,"Sumter, SC",107919,2423,5.4,3.3,30226,0.008090682,0.017974801,,,,,,,51,4.7,0.44,0.01,55,5,0.11,"Agitating (e.g., of articles and materials)",0.45,45,SC,South Carolina,South,-80.387317,33.929411,137,136,12.7,12.6,35.5
31860,"Mankato-North Mankato, MN",98478,2082,3.5,4.4,44975,0.023168425,0.026345417,,,1,10,,,72,7.3,0.44,0.01,346,35,0.34,Multicellular Living Organisms and Unmodified Parts Thereof and Related Processes,0.54,27,MN,Minnesota,Midwest,-94.019796,44.17567,142,138,14.4,14,45.2
40660,"Rome, GA",96063,2577,5.8,3.3,33894,-0.000459103,0.004104105,,,4,42,,,64,6.7,0.46,0.01,85,9,0.07,Woodworking,0.54,13,GA,Georgia,South,-85.183155,34.255797,163,139,17,14.5,47.8
18700,"Corvallis, OR",86316,1356,2.9,4.2,49157,0.04200627,-0.049393716,,,4,46,,,69,8,0.48,0.01,3473,402,0.2,Incremental Printing of Symbolic Information,0.52,41,OR,Oregon,West,-123.278923,44.571182,171,143,19.8,16.6,33.4
22540,"Fond du Lac, WI",101759,1662,2.9,4.1,40675,0.008313823,0.021027217,,,3,29,,,85,8.4,0.41,0.01,388,38,0.15,Marine Propulsion,0.47,55,WI,Wisconsin,Midwest,-88.486927,43.76493,135,143,13.3,14.1,42.8
29020,"Kokomo, IN",82982,1713,4.4,4.1,48866,0.014979056,0.020653257,,,,,,,53,6.4,0.44,0.01,813,98,0.19,Multicellular Living Organisms and Unmodified Parts Thereof and Related Processes,0.41,18,IN,Indiana,Midwest,-86.132956,40.470705,127,143,15.3,17.2,42.3
24140,"Goldsboro, NC",124456,3018,5.6,4,31754,0.004543109,-0.000404367,,,,,,,66,5.3,0.45,0.01,38,3,0.11,Measuring and Testing,0.48,37,NC,North Carolina,South,-77.988446,35.370731,146,145,11.7,11.7,29.8
34620,"Muncie, IN",117074,2680,4.9,3.5,29972,-0.005506124,0.010769724,,,,,,,76,6.5,0.47,0.01,113,10,0.07,Combustion,0.51,18,IN,Indiana,Midwest,-85.401955,40.20517,152,146,13,12.5,40.1
19500,"Decatur, IL",108350,3084,6.1,5.4,50171,0.002476272,-0.004500763,,,,,4,37,78,7.2,0.47,0.01,277,26,0.14,Organic Compounds (includes Classes 532-570),0.41,17,IL,Illinois,Midwest,-88.947074,39.851176,148,150,13.7,13.8,37.4
20220,"Dubuque, IA",96370,1615,2.9,5,51593,0.024127964,0.022431502,,,1,10,,,81,8.4,0.42,0.01,408,42,0.15,Motor Vehicles,0.51,19,IA,Iowa,Midwest,-90.759885,42.493726,154,151,16,15.7,49.8
34100,"Morristown, TN",115713,2590,5,3.4,29383,0.002679123,0.006844198,,,,,,,61,5.3,0.46,0.01,191,17,0.1,Motor Vehicles,0.42,47,TN,Tennessee,South,-83.367279,36.148782,159,151,13.7,13,36.9
43100,"Sheboygan, WI",115290,1835,2.9,5.9,51063,0.010430613,0.018402073,,,3,26,,,96,8.3,0.41,0.01,657,57,0.13,"Baths, Closets, Sinks, and Spittoons",0.45,55,WI,Wisconsin,Midwest,-87.820228,43.733217,162,152,14.1,13.2,48.4
36980,"Owensboro, KY",116506,2553,4.6,5.2,44925,0.021988885,0.029949561,,,1,9,,,75,6.4,0.43,0.01,124,11,0.36,"Flexible or Portable Closure, Partition, or Panel",0.49,21,KY,Kentucky,South,-87.083642,37.737233,145,153,12.4,13.1,41.1
33140,"Michigan City-La Porte, IN",111444,2541,5.3,3.4,30769,-0.001299581,-0.005337771,,,1,9,,,85,7.6,0.44,0.01,163,15,0.1,Dentistry,0.52,18,IN,Indiana,Midwest,-86.790997,41.631838,156,153,14,13.7,28.7
31460,"Madera, CA",154548,5387,8.8,4.4,28651,0.036600405,0.037474899,,,1,6,,,53,3.4,0.45,0.01,125,8,0.09,"Static Structures (e.g., Buildings)",0.53,6,CA,California,West,-120.006567,37.043099,192,158,12.4,10.2,20.3
28100,"Kankakee, IL",111375,3274,5.9,3.4,30617,0.007624528,0.009782109,,,,,,,63,5.7,0.42,0.01,190,17,0.07,Electrical Connectors,0.56,17,IL,Illinois,Midwest,-87.850856,41.148582,159,158,14.3,14.2,34.7
48700,"Williamsport, PA",116508,3271,5.6,4.5,38512,0.011979017,0.029815183,,,1,9,,,102,8.8,0.42,0.01,287,25,0.14,"Brushing, Scrubbing, and General Cleaning",0.53,42,PA,Pennsylvania,Northeast,-76.984142,41.249889,176,159,15.1,13.6,37
24220,"Grand Forks, ND-MN",101842,1712,3,4.4,43204,0.021516684,0.022019352,,,1,10,,,72,7.1,0.47,0.01,190,19,0.06,Chemistry of Inorganic Compounds,0.53,38,ND,North Dakota,Midwest,-96.938378,47.866825,195,159,19.1,15.6,45.8
11500,"Anniston-Oxford-Jacksonville, AL",115916,3043,6.6,3.4,29461,0.006451007,-0.022369899,,,,,,,77,6.6,0.45,0.01,80,7,0.06,"Fire Escape, Ladder, or Scaffold",0.4,1,AL,Alabama,South,-85.819404,33.72546,165,159,14.2,13.7,30
47580,"Warner Robins, GA",187516,4590,5.5,6.1,32371,0.011222478,-0.006335761,,,3,16,,,92,4.9,0.43,0.01,64,3,0.06,Woodworking,0.48,13,GA,Georgia,South,-83.676738,32.553832,233,160,12.4,8.5,21.9
44220,"Springfield, OH",136554,3164,5,3.8,27572,-0.00574019,0.013145697,,,5,37,,,55,4,0.44,0.01,206,15,0.05,Illumination,0.52,39,OH,Ohio,Midwest,-83.832278,39.927147,132,162,9.7,11.9,34.8
19140,"Dalton, GA",142952,3870,6.1,5.4,37488,0.003026581,0.018360881,,,,,,,63,4.4,0.46,0.02,147,10,0.19,Stock Material or Miscellaneous Articles,0.43,13,GA,Georgia,South,-84.917304,34.789841,148,166,10.4,11.6,32.3
12220,"Auburn-Opelika, AL",154255,3800,5.1,4.4,28829,0.03221212,0.028238071,,,2,13,,,106,6.9,0.5,0.01,359,23,0.18,"Drug, Bio-Affecting and Body Treating Compositions (includes Class 514)",0.44,1,AL,Alabama,South,-85.345889,32.588093,236,169,15.3,11,31.3
30020,"Lawton, OK",131183,2377,4.5,4.4,33876,0.015846412,-0.005576062,,,1,8,,,67,5.1,0.45,0.01,38,3,0.24,"Earth Boring, Well Treating, and Oil Field Chemistry",0.44,40,OK,Oklahoma,South,-98.417379,34.613937,161,169,12.3,12.9,27.8
31020,"Longview, WA",102133,3024,6.7,3.3,32634,0.008367568,0.010461493,,,1,10,,,65,6.4,0.43,0.01,140,14,0.14,Computer Graphics Processing and Selective Visual Display Systems,0.43,53,WA,Washington,West,-122.900056,46.137731,166,170,16.3,16.6,35
33780,"Monroe, MI",149824,3919,5,4.2,27699,0.002525691,0.011313856,,,4,27,3,20,82,5.5,0.41,0.01,656,44,0.08,Chairs and Seats,0.41,26,MI,Michigan,Midwest,-83.485685,41.900249,151,174,10.1,11.6,26.1
29940,"Lawrence, KS",116585,2163,3.3,3.7,31325,0.006399257,0.004214879,,,3,26,,,86,7.4,0.48,0.01,424,36,0.2,"Drug, Bio-Affecting and Body Treating Compositions (includes Class 514)",0.47,20,KS,Kansas,Midwest,-95.251352,38.941783,210,174,18,14.9,47.9
44300,"State College, PA",158742,3103,3.9,7.3,46276,0.023771352,0.022984723,,,6,38,,,95,6,0.47,0.01,988,62,0.06,Chemistry: Molecular Biology and Microbiology,0.49,42,PA,Pennsylvania,Northeast,-77.838198,40.841087,250,175,15.7,11,34.7
12980,"Battle Creek, MI",134878,3175,4.9,5.1,37590,0.003011428,-0.005623781,,,1,7,2,15,88,6.5,0.45,0.01,329,24,0.13,Internal-Combustion Engines,0.44,26,MI,Michigan,Midwest,-85.10189,42.289509,160,175,11.9,13,39.3
27060,"Ithaca, NY",104691,2017,3.9,4.3,40834,0.012010059,0.002498146,,,5,48,,,106,10.1,0.5,0.01,1638,156,0.06,Chemistry: Molecular Biology and Microbiology,0.48,36,NY,New York,Northeast,-76.4774,42.460259,187,175,17.9,16.7,35.6
27180,"Jackson, TN",130225,3200,5,5.4,41482,0.009701929,0.016278501,,,2,15,,,88,6.8,0.47,0.01,337,26,0.1,Cleaning and Liquid Contact with Solids,0.48,47,TN,Tennessee,South,-88.829898,35.637569,222,182,17,14,43.9
24500,"Great Falls, MT",82344,1347,3.5,3.1,37453,0.012491495,0.007290368,,,1,12,,,65,7.9,0.45,0.01,42,5,0.14,Amusement Devices: Games,0.54,30,MT,Montana,West,-111.306255,47.491839,178,182,21.6,22.1,46.8
47020,"Victoria, TX",98630,2800,5.9,5,50603,0.032489139,0.043753778,,,1,10,,,70,7.1,0.45,0.02,55,6,0.13,Synthetic Resins or Natural Rubbers (includes Classes 520-528),0.45,48,TX,Texas,South,-97.020033,28.811649,234,186,23.7,18.9,60.8
43300,"Sherman-Denison, TX",123534,2544,4.1,3.6,29174,0.018064132,0.012557199,,,,,,,76,6.2,0.45,0.01,266,22,0.08,Semiconductor Device Manufacturing: Process,0.55,48,TX,Texas,South,-96.624649,33.649486,198,187,16,15.1,41.8
34060,"Morgantown, WV",137251,2564,3.9,6.6,48029,0.032040401,0.006275415,,,5,36,,,100,7.3,0.5,0.01,309,23,0.11,"Drug, Bio-Affecting and Body Treating Compositions (includes Class 514)",0.56,54,WV,West Virginia,South,-79.886484,39.59983,223,188,16.2,13.7,43.4
21060,"Elizabethtown-Fort Knox, KY",151585,3047,4.6,5.6,37187,0.023483801,0.010430358,,,2,13,,,75,4.9,0.42,0.01,124,8,0.2,Firearms,0.45,21,KY,Kentucky,South,-85.940136,37.76309,261,188,17.2,12.4,24.6
27780,"Johnstown, PA",137732,3648,6,3.7,27198,-0.006411816,-0.01842371,,,1,7,,,90,6.5,0.45,0.01,133,10,0.08,Railway Rolling Stock,0.56,42,PA,Pennsylvania,Northeast,-78.800021,40.406479,166,188,12.1,13.6,63.5
45500,"Texarkana, TX-AR",149235,3167,4.9,4.6,30871,0.007334065,-0.009696247,,,,,,,85,5.7,0.47,0.01,71,5,0.21,Internal-Combustion Engines,0.47,48,TX,Texas,South,-94.13992,33.449205,217,189,14.5,12.7,37.5
20940,"El Centro, CA",179091,16038,21.3,5.2,29013,0.025647137,0.015642666,,,1,6,,,74,4.1,0.46,0.01,40,2,0.05,Land Vehicles,0.43,6,CA,California,West,-115.534587,32.841102,247,190,13.8,10.6,22.4
40580,"Rocky Mount, NC",149290,4690,7,5.6,37611,-0.002533569,-0.022323724,,,1,7,,,78,5.2,0.46,0.01,98,7,0.07,Beds,0.51,37,NC,North Carolina,South,-77.824567,35.931204,183,191,12.3,12.8,36.1
34740,"Muskegon, MI",172344,4207,5.4,5.2,30149,0.003195845,0.018798221,,,,,,,98,5.7,0.44,0.01,304,18,0.12,Land Vehicles,0.49,26,MI,Michigan,Midwest,-86.215465,43.244173,208,192,12.1,11.1,30.8
21820,"Fairbanks, AK",99357,2595,5.6,4.8,48562,0.002457743,-0.008523741,,,2,20,,,68,6.8,0.4,0.01,74,7,0.05,Hydraulic and Earth Engineering,0.52,2,AK,Alaska,West,-147.624384,64.831553,200,192,20.1,19.3,36.9
30340,"Lewiston-Auburn, ME",107440,"1,530",2.7,3.7,34373,0.006112482,-0.003748432,,,5,47,,,79,7.4,0.43,0.01,79,7,0.11,Wave Transmission Lines and Networks,0.57,23,ME,Maine,Northeast,-70.20132,44.119069,199,192,18.5,17.9,49
43580,"Sioux City, IA-NE-SD",168806,3105,3.4,8.1,48245,0.014505087,0.013310094,,,2,12,3,18,136,8.1,0.44,0.01,473,28,0.09,Electricity: Electrical Systems and Devices,0.46,19,IA,Iowa,Midwest,-96.374679,42.534942,223,198,13.2,11.7,44.7
22520,"Florence-Muscle Shoals, AL",147639,4137,6.2,4.3,29288,0.014351244,0.01758881,,,2,14,,,102,6.9,0.45,0.01,121,8,0.09,Dispensing (apparatus and process),0.48,1,AL,Alabama,South,-87.637013,34.813358,218,198,14.8,13.4,49
11020,"Altoona, PA",125955,2813,4.7,4.5,35894,0.006726191,0.00448348,,,2,16,,,95,7.5,0.44,0.01,112,9,0.12,Mining or In Situ Disintegration of Hard Material,0.49,42,PA,Pennsylvania,Northeast,-78.377158,40.48552,203,199,16.1,15.8,44.1
49020,"Winchester, VA-WV",133403,2314,3.3,5.3,39369,0.015440672,0.00557569,,,4,30,,,110,8.2,0.44,0.01,198,15,0.05,Surgery (instruments),0.5,51,VA,Virginia,South,-78.266456,39.199635,244,201,18.3,15.1,31.9
27100,"Jackson, MI",159741,3711,5,5.2,32715,0.001520675,0.009487274,,,,,,,94,5.9,0.44,0.01,406,25,0.07,Bottles and Jars,0.52,26,MI,Michigan,Midwest,-84.406378,42.241314,205,201,12.8,12.6,24.2
41660,"San Angelo, TX",118182,2497,4.6,4.5,38415,0.019888978,0.035681397,,,1,8,,,73,6.2,0.47,0.02,39,3,0.05,Communications: Electrical,0.57,48,TX,Texas,South,-100.465579,31.449618,280,201,23.7,17,44.4
31900,"Mansfield, OH",121942,3004,5.6,3.8,31105,-0.003018927,0.007329555,,,1,8,,,72,5.9,0.44,0.01,137,11,0.06,Rotary Kinetic Fluid Motors or Pumps,0.52,39,OH,Ohio,Midwest,-82.54038,40.762375,159,201,13,16.5,32.6
49700,"Yuba City, CA",169813,6550,8.9,5,29644,0.018212251,0.017797314,,,,,,,71,4.2,0.44,0.01,112,7,0.06,"Fishing, Trapping, and Vermin Destroying",0.53,6,CA,California,West,-121.584726,39.136935,250,203,14.7,12,21.6
48140,"Wausau, WI",135780,2240,3,6.8,50155,0.017344046,0.034129888,,,2,15,,,109,8,0.44,0.01,211,16,0.08,Land Vehicles,0.46,55,WI,Wisconsin,Midwest,-89.710864,44.908504,181,204,13.3,15,45.1
13980,"Blacksburg-Christiansburg-Radford, VA",181605,3841,4.2,5.9,32422,0.010372025,0.013874536,,,5,28,,,135,7.4,0.47,0.01,1019,56,0.08,Optical Waveguides,0.43,51,VA,Virginia,South,-80.506787,37.154239,223,204,12.3,11.2,32
36780,"Oshkosh-Neenah, WI",169511,3009,3.2,8.8,51796,0.016356458,0.012751559,,,4,24,8,47,116,6.8,0.44,0.01,1888,111,0.16,Paper Making and Fiber Liberation,0.43,55,WI,Wisconsin,Midwest,-88.539995,44.100644,238,205,14,12.1,52.1
41540,"Salisbury, MD-DE",389922,10935,5.8,14.3,36766,0.018605504,0.010983411,,,11,28,,,521,13.4,0.44,0.01,123,3,0.11,Animal Husbandry,0.55,10,DE,Delaware,South,-75.425413,38.498462,215,206,5.5,5.3,10.2
22140,"Farmington, NM",123785,4920,9,6.2,50087,0.008489239,0.013148291,,,2,16,,,58,4.7,0.46,0.01,110,9,0.23,"Wells (shafts or deep borings in the earth, e.g., for oil and gas)",0.42,35,NM,New Mexico,West,-108.220504,36.72194,199,206,16.1,16.6,33.2
16020,"Cape Girardeau, MO-IL",97929,2122,4.4,3.4,34525,0.009058512,-0.005412329,,,,,,,80,8.2,0.46,0.01,86,9,0.15,"Supports (e.g., for holding articles, etc.)",0.56,29,MO,Missouri,Midwest,-89.629537,37.334373,196,206,20,21,40.5
16940,"Cheyenne, WY",96389,1857,3.7,4.8,50130,0.023052757,0.00602631,,,1,10,,,57,5.9,0.41,0.01,96,10,0.08,Interactive Video Distribution Systems,0.41,56,WY,Wyoming,West,-104.773195,41.153226,327,208,33.9,21.6,52.4
20020,"Dothan, AL",148095,3637,5.8,4.6,30764,0.009213775,0.001632194,,,1,7,1,7,93,6.3,0.48,0.01,66,4,0.18,Exercise Devices,0.47,1,AL,Alabama,South,-85.449825,31.216819,237,209,16,14.1,39.3
32900,"Merced, CA",266353,11804,10.3,7.4,27918,0.031759411,0.040608541,,,3,11,,,88,3.3,0.46,0.01,101,4,0.14,Ships,0.41,6,CA,California,West,-120.623894,37.281017,222,210,8.3,7.9,17.3
25500,"Harrisonburg, VA",130649,2367,3.6,6.5,49667,0.0070031,-0.010480551,,,1,8,,,105,8,0.45,0.02,102,8,0.07,Electricity: Measuring and Testing,0.45,51,VA,Virginia,South,-78.849569,38.449296,188,210,14.4,16.1,33.4
27500,"Janesville-Beloit, WI",161188,3788,4.4,5.4,33414,0.006704367,0.019384972,,,6,37,2,12,123,7.6,0.42,0.01,444,28,0.33,Multicellular Living Organisms and Unmodified Parts Thereof and Related Processes,0.51,55,WI,Wisconsin,Midwest,-89.037424,42.651893,227,211,14.1,13.1,34
19460,"Decatur, AL",153084,3797,5.5,4.8,31185,0.004646595,-0.007294665,,,3,20,,,77,5,0.45,0.01,176,11,0.05,Aeronautics and Astronautics,0.37,1,AL,Alabama,South,-87.007087,34.520822,191,211,12.5,13.8,40.7
48540,"Wheeling, WV-OH",145205,4085,6.3,6.5,44558,0.021115318,0.025990026,,,1,7,2,14,94,6.5,0.46,0.01,131,9,0.14,Fuel and Related Compositions,0.5,54,WV,West Virginia,South,-80.782544,40.027299,221,212,15.2,14.6,42.3
26300,"Hot Springs, AR",97322,1645,4.1,3,31041,0.015790813,0.022418755,,,2,21,,,107,11,0.49,0.02,84,9,0.12,Abrading,0.59,5,AR,Arkansas,South,-93.081833,34.505811,207,214,21.3,22,39.1
47220,"Vineland-Bridgeton, NJ",157389,4290,6.3,5.1,32137,0.005119889,-0.005751528,,,,,,,79,5,0.44,0.01,92,6,0.04,"Chemical Apparatus and Process Disinfecting, Deodorizing, Preserving, or Sterilizing",0.53,34,NJ,New Jersey,Northeast,-75.087733,39.428284,195,215,12.4,13.7,35.8
14540,"Bowling Green, KY",165732,3348,4.1,5.9,35370,0.023944002,0.021830812,,,5,30,,,107,6.5,0.46,0.01,172,10,0.14,Conveyors: Power-Driven,0.46,21,KY,Kentucky,South,-86.411994,36.979645,302,216,18.2,13,40.3
16220,"Casper, WY",81624,2575,6.4,5.6,69171,0.021758629,0.004087916,,,1,12,,,65,8,0.44,0.01,69,8,0.13,Land Vehicles: Bodies and Tops,0.47,56,WY,Wyoming,West,-106.336867,42.844218,233,216,28.5,26.5,67.2
49740,"Yuma, AZ",203247,17225,17.9,5,24507,0.018171544,-0.010388934,,,3,15,,,84,4.1,0.44,0.01,75,4,0.09,"Registers (e.g., cash registers, calculators, devices for counting movements of devices, etc.)",0.51,4,AZ,Arizona,West,-114.598603,32.650041,285,216,14,10.6,31.9
27340,"Jacksonville, NC",187589,3407,5.3,7.1,37955,0.025014787,-0.01298932,,,1,5,,,97,5.2,0.41,0.01,48,3,0.15,"Surgery: Light, Thermal, and Electrical Application",0.55,37,NC,North Carolina,South,-77.400646,34.741546,225,218,12,11.6,29.5
46660,"Valdosta, GA",143317,3192,4.9,4.3,30108,0.007267511,0.000464145,,,1,7,,,98,6.8,0.48,0.01,52,4,0.1,"Drug, Bio-Affecting and Body Treating Compositions (includes Class 514)",0.49,13,GA,Georgia,South,-83.290376,30.863861,291,218,20.3,15.2,33.7
27860,"Jonesboro, AR",126764,1927,3.1,4.3,33842,0.016597272,0.005064389,,,3,24,,,84,6.6,0.47,0.02,122,10,0.3,Multicellular Living Organisms and Unmodified Parts Thereof and Related Processes,0.53,5,AR,Arkansas,South,-90.646712,35.787842,225,218,17.7,17.2,45.9
41140,"St. Joseph, MO-KS",127431,2611,4,5,39174,0.017473083,0.0086326,,,2,16,,,73,5.7,0.43,0.01,149,12,0.14,"Drug, Bio-Affecting and Body Treating Compositions (includes Class 514)",0.46,29,MO,Missouri,Midwest,-94.788509,39.783315,275,220,21.6,17.3,48.4
29100,"La Crosse-Onalaska, WI-MN",136749,2733,3.5,6.3,45748,0.016558452,0.01285325,,,5,37,,,118,8.6,0.44,0.01,312,23,0.2,Refrigeration,0.53,55,WI,Wisconsin,Midwest,-91.241389,43.838518,249,225,18.2,16.5,64.4
45460,"Terre Haute, IN",171480,3849,5,5.9,34605,0.008416706,-0.010037664,,,2,12,,,130,7.6,0.45,0.01,145,8,0.12,Stock Material or Miscellaneous Articles,0.48,18,IN,Indiana,Midwest,-87.352132,39.445978,216,230,12.6,13.4,75.2
37620,"Parkersburg-Vienna, WV",92082,2062,5.3,3.2,35143,-0.002512494,-0.000924501,,,1,11,,,61,6.6,0.46,0.01,325,35,0.28,Synthetic Resins or Natural Rubbers (includes Classes 520-528),0.53,54,WV,West Virginia,South,-81.521843,39.253,205,230,22.3,25,122.8
10500,"Albany, GA",154925,4164,6.2,4.5,29356,-0.010830427,-0.011714027,,,,,,,79,5.1,0.5,0.01,111,7,0.5,Multicellular Living Organisms and Unmodified Parts Thereof and Related Processes,0.56,13,GA,Georgia,South,-84.14784,31.593555,221,231,14.3,14.9,34.8
15500,"Burlington, NC",155792,3610,4.5,4.5,29161,-0.000516843,0.006829333,,,2,13,2,13,114,7.3,0.46,0.01,253,16,0.06,Special Receptacle or Package,0.51,37,NC,North Carolina,South,-79.414201,36.071263,230,231,14.8,14.8,33.5
24020,"Glens Falls, NY",127345,2721,4.5,4.2,33107,0.01288879,0.000665463,,,2,16,,,198,15.5,0.43,0.01,310,24,0.15,Paper Making and Fiber Liberation,0.58,36,NY,New York,Northeast,-73.589167,43.344655,245,231,19.2,18.1,34.9
47940,"Waterloo-Cedar Falls, IA",169993,3311,3.7,8.2,48302,0.018746152,0.011936976,,,16,94,,,144,8.5,0.44,0.01,508,30,0.09,"DP: Vehicles, Navigation, and Relative Location (Data Processing)",0.46,19,IA,Iowa,Midwest,-92.399099,42.519128,283,233,16.6,13.7,35.9
48660,"Wichita Falls, TX",151536,2924,4.6,6.3,41383,0.011993432,0.026360947,,,,,,,83,5.5,0.45,0.01,132,9,0.08,Aeronautics and Astronautics,0.54,48,TX,Texas,South,-98.533433,33.9026,262,233,17.3,15.4,35.9
10780,"Alexandria, LA",154872,4151,6.3,4.7,30406,0.006879985,-0.029161011,,,,,,,57,3.7,0.46,0.01,89,6,0.15,Article Dispensing,0.49,22,LA,Louisiana,South,-92.469814,31.320752,229,233,14.8,15,38.3
27620,"Jefferson City, MO",150866,2617,3.5,6,39704,0.004666874,-0.004447549,,,3,20,,,109,7.2,0.41,0.01,75,5,0.11,Electricity: Conductors and Insulators,0.47,29,MO,Missouri,Midwest,-92.162319,38.625172,240,235,15.9,15.6,32.4
15260,"Brunswick, GA",114806,2768,5.3,3.2,27725,0.003335891,-0.003912192,,,2,17,,,100,8.7,0.48,0.01,77,7,0.13,Surgery (Medicators and Receptors),0.52,13,GA,Georgia,South,-81.555633,31.23975,249,236,21.7,20.6,41.1
36220,"Odessa, TX",153904,4406,5.8,8.7,56600,0.055340429,0.080239173,,,,,,,83,5.4,0.44,0.01,177,12,0.18,"Wells (shafts or deep borings in the earth, e.g., for oil and gas)",0.36,48,TX,Texas,South,-102.385795,31.864941,337,237,21.9,15.4,67.7
35660,"Niles-Benton Harbor, MI",155233,3871,5.2,5.7,36597,0.001256513,-0.008676391,,,1,6,3,19,149,9.6,0.47,0.01,1103,71,0.12,Refrigeration,0.5,26,MI,Michigan,Midwest,-86.407548,41.987514,231,239,14.9,15.4,40.7
26980,"Iowa City, IA",164357,2448,2.5,8.4,51053,0.019889296,0.0263437,,,4,24,,,160,9.7,0.48,0.01,944,57,0.15,"Drug, Bio-Affecting and Body Treating Compositions (includes Class 514)",0.45,19,IA,Iowa,Midwest,-91.577839,41.634554,272,241,16.5,14.7,36.3
34580,"Mount Vernon-Anacortes, WA",120365,3423,5.9,4.4,36298,0.001621753,-0.025839445,,,,,,,114,9.5,0.44,0.01,210,17,0.04,Hydraulic and Earth Engineering,0.46,53,WA,Washington,West,-122.335869,48.466681,271,241,22.5,20,40.9
20100,"Dover, DE",171987,3776,4.8,6.3,36666,0.013772384,0.009594553,,,2,12,,,82,4.8,0.42,0.01,144,8,0.1,Surgery (Medicators and Receptors),0.53,10,DE,Delaware,South,-75.558641,39.12322,297,249,17.3,14.5,36.7
38340,"Pittsfield, MA",128715,"1,875",4.3,5.6,43546,0.001690674,0.013481254,,,1,8,,,218,16.9,0.47,0.01,371,29,0.06,Synthetic Resins or Natural Rubbers (includes Classes 520-528),0.57,25,MA,Massachusetts,Northeast,-73.216435,42.460782,251,251,19.5,19.5,39.2
27740,"Johnson City, TN",201091,4935,5.5,5.9,29196,0.014747473,0.007169193,,,1,5,,,138,6.9,0.49,0.01,396,20,0.1,Synthetic Resins or Natural Rubbers (includes Classes 520-528),0.53,47,TN,Tennessee,South,-82.363737,36.30668,307,252,15.3,12.5,40.2
25620,"Hattiesburg, MS",148656,2982,4.3,5,33911,0.019989474,0.006925982,,,1,7,,,106,7.1,0.49,0.01,119,8,0.38,Synthetic Resins or Natural Rubbers (includes Classes 520-528),0.55,28,MS,Mississippi,South,-89.321286,31.287587,229,252,15.4,17,49.9
39380,"Pueblo, CO",161875,3318,4.5,4.3,26607,0.002863308,0.008135408,,,,,,,131,8.1,0.45,0.01,150,9,0.12,Optical: Systems and Elements,0.48,8,CO,Colorado,West,-104.645129,38.263685,216,254,13.3,15.7,31.9
10180,"Abilene, TX",168592,3219,4.3,6.2,36508,0.019980023,0.02846873,,,2,12,,,83,4.9,0.46,0.01,70,4,0.26,"DP: Financial, Business Practice, Management, or Cost/Price Determination (Data Processing)",0.52,48,TX,Texas,South,-99.747195,32.452109,286,257,17,15.2,42.4
48300,"Wenatchee, WA",114392,3731,5.7,3.9,34076,0.019293335,0.017165828,,,1,9,,,104,9.1,0.42,0.01,82,7,0.07,Electrical Generator or Motor Structure,0.53,53,WA,Washington,West,-120.284799,47.523868,273,260,23.9,22.7,32.8
13900,"Bismarck, ND",126597,1977,2.8,7.1,56091,0.043371272,0.067853702,,,5,39,1,8,65,5.1,0.43,0.01,131,10,0.08,Motor Vehicles,0.56,38,ND,North Dakota,Midwest,-100.82884,46.80293,328,261,25.9,20.6,48.6
22380,"Flagstaff, AZ",137682,4513,5.9,4.9,35611,0.017874106,0.004548461,,,,,,,158,11.5,0.48,0.02,596,43,0.13,Surgery (instruments),0.51,4,AZ,Arizona,West,-111.58947,35.514426,299,266,21.7,19.3,49.7
40340,"Rochester, MN",212778,4050,3.4,10.3,48233,0.021468283,0.01230972,,,5,23,,,174,8.2,0.44,0.01,5907,278,0.11,DP: Database and File Management or Data Structures (Data Processing),0.57,27,MN,Minnesota,Midwest,-92.439986,44.019835,350,268,16.4,12.6,147.9
30860,"Logan, UT-ID",131364,1915,2.8,4,30663,0.035909868,0.01890109,,,6,46,,,41,3.1,0.42,0.01,829,63,0.14,Surgery (instruments),0.42,49,UT,Utah,West,-111.84383,41.780518,308,276,23.4,21,38.1
24780,"Greenville, NC",175354,4761,5.4,6.5,37142,0.016155731,0.01091179,,,3,17,,,123,7,0.5,0.01,293,17,0.15,"Drug, Bio-Affecting and Body Treating Compositions (includes Class 514)",0.59,37,NC,North Carolina,South,-77.381184,35.579171,262,277,14.9,15.8,43.9
12620,"Bangor, ME",153414,"2,097",3,5.2,34149,0.000588855,-0.002463084,,,,,,,111,7.2,0.45,0.01,184,12,0.07,"Static Structures (e.g., Buildings)",0.59,23,ME,Maine,Northeast,-68.793837,44.953036,337,278,22,18.1,49.5
40980,"Saginaw, MI",195012,4986,5.6,6.9,35147,-0.007585363,-0.00243326,,,3,15,,,101,5.2,0.45,0.01,758,39,0.1,Land Vehicles,0.51,26,MI,Michigan,Midwest,-83.99374,43.398201,289,279,14.8,14.3,36.7
36140,"Ocean City, NJ",95344,4354,9,4.2,44282,0.009744824,-0.002258421,,,1,10,,,295,30.9,0.45,0.01,68,7,0.09,"DP: Financial, Business Practice, Management, or Cost/Price Determination (Data Processing)",0.59,34,NJ,New Jersey,Northeast,-74.806974,39.095953,257,280,27,29.4,37.7
39540,"Racine, WI",195163,4377,4.4,6.8,34966,-0.002868179,-0.007170227,,,7,36,2,10,137,7,0.43,0.01,1327,68,0.05,Dispensing (apparatus and process),0.48,55,WI,Wisconsin,Midwest,-87.926099,42.734944,290,282,14.9,14.4,37.2
14020,"Bloomington, IN",164308,3292,4.3,5.9,35774,0.012378351,-0.009745873,,,7,43,,,130,7.9,0.5,0.01,933,57,0.2,Surgery (instruments),0.55,18,IN,Indiana,Midwest,-86.573148,39.183531,283,282,17.2,17.2,35.9
29740,"Las Cruces, NM",213676,7088,7.4,5.6,26273,0.022399961,-0.016338916,,,1,5,,,117,5.5,0.48,0.01,194,9,0.05,Chemistry: Molecular Biology and Microbiology,0.53,35,NM,New Mexico,West,-106.728879,32.247295,281,285,13.2,13.3,36.3
26820,"Idaho Falls, ID",138266,1957,2.9,5.2,37305,0.023266408,0.006402673,,,7,51,,,103,7.4,0.44,0.02,726,53,0.06,Radiant Energy,0.4,16,ID,Idaho,West,-112.020256,43.537801,368,287,26.6,20.8,44.6
29340,"Lake Charles, LA",203883,4862,4.5,12.4,60662,0.013996276,-0.002136943,,,2,10,,,91,4.5,0.47,0.01,166,8,0.08,"Wells (shafts or deep borings in the earth, e.g., for oil and gas)",0.42,22,LA,Louisiana,South,-93.259809,30.218252,326,288,16,14.1,41.9
33540,"Missoula, MT",112684,2060,3.3,4.6,40760,0.013725411,0.010003786,,,3,27,,,96,8.5,0.46,0.01,190,17,0.13,"Prosthesis (i.e., Artificial Body Members), Parts Thereof, or Aids and Accessories Therefor",0.52,30,MT,Montana,West,-114.01897,46.875473,352,291,31.2,25.8,56.5
29420,"Lake Havasu City-Kingman, AZ",203361,4967,6,3.5,16980,0.008128593,-0.007640963,,,2,10,,,131,6.4,0.44,0.01,129,6,0.06,"Buoys, Rafts, and Aquatic Devices",0.59,4,AZ,Arizona,West,-114.248147,35.069679,326,291,16,14.3,24.6
46220,"Tuscaloosa, AL",237761,6534,5.7,9.7,40747,0.025476418,0.010390515,,,,,,,115,4.8,0.47,0.01,176,7,0.11,"Drug, Bio-Affecting and Body Treating Compositions (includes Class 514)",0.37,1,AL,Alabama,South,-87.574338,33.190901,338,297,14.2,12.5,38.6
23580,"Gainesville, GA",190761,4140,4.2,7.6,39657,0.012686649,0.032821059,,,5,26,,,107,5.6,0.46,0.01,338,18,0.04,Liquid Purification or Separation,0.4,13,GA,Georgia,South,-83.844688,34.275206,376,298,19.7,15.6,48.6
22500,"Florence, SC",207030,4683,4.8,7.3,35121,0.003612949,0.010324624,,,4,19,2,10,125,6,0.48,0.01,471,23,0.13,Electricity: Measuring and Testing,0.51,45,SC,South Carolina,South,-79.835461,34.175818,302,302,14.6,14.6,39.2
34900,"Napa, CA",141667,2847,3.8,8.3,58482,0.017192726,0.035022188,,,4,28,,,128,9,0.47,0.01,505,36,0.06,"Drug, Bio-Affecting and Body Treating Compositions (includes Class 514)",0.47,6,CA,California,West,-122.321752,38.329076,380,305,26.8,21.5,51
20740,"Eau Claire, WI",165024,3009,3.3,7.3,44115,0.025331244,0.02393473,,,4,24,,,126,7.6,0.43,0.01,510,31,0.04,Memory (Electrical Computers and Digital Processing Systems),0.5,55,WI,Wisconsin,Midwest,-91.405559,44.866393,301,309,18.2,18.7,47.5
33740,"Monroe, LA",178864,4809,5.9,6.5,36184,0.008234655,0.000433195,,,1,6,3,17,98,5.5,0.5,0.01,136,8,0.07,"Drug, Bio-Affecting and Body Treating Compositions (includes Class 514)",0.53,22,LA,Louisiana,South,-92.165,32.550424,310,312,17.3,17.4,41.8
12020,"Athens-Clarke County, GA",199016,4867,4.9,7.2,36173,0.013545811,0.015077362,,,6,30,,,140,7,0.51,0.01,616,31,0.17,"Drug, Bio-Affecting and Body Treating Compositions (includes Class 514)",0.53,13,GA,Georgia,South,-83.355274,33.95751,396,314,19.9,15.8,37.1
17300,"Clarksville, TN-KY",278353,6180,5.5,9.9,35484,0.027021947,0.010077971,,,1,4,,,164,5.9,0.43,0.01,137,5,0.15,Rotary Expansible Chamber Devices,0.48,47,TN,Tennessee,South,-87.415084,36.641518,382,316,13.7,11.4,31.3
16580,"Champaign-Urbana, IL",237252,5882,4.9,9.7,41079,0.01507594,0.006081064,,,8,34,,,187,7.9,0.49,0.01,1720,72,0.14,Multicellular Living Organisms and Unmodified Parts Thereof and Related Processes,0.53,17,IL,Illinois,Midwest,-88.257269,40.143589,350,317,14.8,13.4,34.7
21140,"Elkhart-Goshen, IN",201971,3396,3.1,12.8,63583,0.031844971,0.045875841,,,9,45,,,114,5.6,0.42,0.01,713,35,0.08,"Prosthesis (i.e., Artificial Body Members), Parts Thereof, or Aids and Accessories Therefor",0.36,18,IN,Indiana,Midwest,-85.906755,41.63768,309,320,15.3,15.8,78.3
17780,"College Station-Bryan, TX",242905,4874,3.8,8.3,34318,0.030523673,0.029819807,,,6,25,,,134,5.5,0.51,0.01,798,33,0.07,"Drug, Bio-Affecting and Body Treating Compositions (includes Class 514)",0.31,48,TX,Texas,South,-96.370075,30.642468,445,322,18.3,13.3,46.4
42680,"Sebastian-Vero Beach, FL",144755,4036,6.3,4.4,30099,0.017510163,0.015927597,,,3,21,,,106,7.3,0.53,0.02,291,20,0.07,"Drug, Bio-Affecting and Body Treating Compositions (includes Class 514)",0.6,12,FL,Florida,South,-80.440607,27.671828,395,323,27.3,22.3,36
39660,"Rapid City, SD",143638,2204,3,5.7,39586,0.021907871,0.016277411,,,,,,,135,9.4,0.43,0.01,133,9,0.09,Animal Husbandry,0.56,46,SD,South Dakota,Midwest,-103.246477,44.088725,356,326,24.8,22.7,46.2
41060,"St. Cloud, MN",192418,4507,4.1,8.4,43603,0.014484837,0.020270857,,,7,36,,,140,7.3,0.42,0.01,302,16,0.07,Communications: Electrical,0.53,27,MN,Minnesota,Midwest,-94.308326,45.573226,365,327,19,17,48.3
17860,"Columbia, MO",172717,2991,3,7.4,42821,0.016828844,0.019963005,,,18,104,,,149,8.6,0.48,0.01,493,29,0.09,"Drug, Bio-Affecting and Body Treating Compositions (includes Class 514)",0.55,29,MO,Missouri,Midwest,-92.321502,38.959866,411,333,23.8,19.3,45.1
49420,"Yakima, WA",247687,10129,7.9,7.9,32085,0.017948602,0.012592439,,,6,24,,,129,5.2,0.44,0.01,170,7,0.11,"Drug, Bio-Affecting and Body Treating Compositions (includes Class 514)",0.49,53,WA,Washington,West,-120.416703,46.515823,367,334,14.8,13.5,27.5
39820,"Redding, CA",179804,4461,6,5.3,29332,0.00410549,0.008797868,,,4,22,,,121,6.7,0.45,0.01,200,11,0.04,Surgery (instruments),0.54,6,CA,California,West,-122.299786,40.580269,338,335,18.8,18.6,28.3
25180,"Hagerstown-Martinsburg, MD-WV",260070,5562,4.2,8,30576,0.011946088,0.009016519,,,8,31,3,12,134,5.2,0.43,0.01,244,9,0.07,"Drug, Bio-Affecting and Body Treating Compositions (includes Class 514)",0.5,24,MD,Maryland,South,-77.835331,39.551123,363,337,14,13,32.5
41100,"St. George, UT",151948,2206,3.2,4.1,27292,0.038733298,0.034920739,,,5,33,2,13,86,5.7,0.43,0.01,221,15,0.05,Pumps,0.5,49,UT,Utah,West,-113.519704,37.135163,490,337,32.2,22.2,46.8
39460,"Punta Gorda, FL",168474,3781,5.3,3.4,20086,0.004767721,0.012959441,,,3,18,,,120,7.1,0.44,0.01,272,16,0.09,Pulse or Digital Communications,0.6,12,FL,Florida,South,-82.119939,26.954793,337,345,20,20.5,42.7
11540,"Appleton, WI",231497,4099,3.1,11,47616,0.012902313,0.019385482,,,10,43,2,9,205,8.9,0.4,0.01,2184,94,0.14,Surgery (Medicators and Receptors),0.49,55,WI,Wisconsin,Midwest,-88.369973,44.274723,379,349,16.4,15.1,50.8
37460,"Panama City, FL",194929,4598,4.8,7.1,36234,0.01817198,-0.001325591,,,1,5,,,191,9.8,0.44,0.01,418,21,0.07,Ships,0.5,12,FL,Florida,South,-85.625789,30.188174,446,351,22.9,18,62.5
17660,"Coeur dAlene, ID",147326,3132,4.2,4.7,31698,0.028152579,0.017119353,,,8,54,,,122,8.3,0.44,0.01,255,17,0.05,Electricity: Electrical Systems and Devices,0.52,16,ID,Idaho,West,-116.832578,47.73713,432,352,29.3,23.9,43
25060,"Gulfport-Biloxi-Pascagoula, MS",386144,8336,5,14.6,37924,0.007197965,-0.004858715,,,2,5,,,278,7.2,0.45,0.01,333,9,0.09,"Brushing, Scrubbing, and General Cleaning",0.4,28,MS,Mississippi,South,-88.952448,30.430909,423,354,11,9.2,21.9
45820,"Topeka, KS",233758,4606,3.8,8.7,37351,-0.002220541,-0.005917975,,,1,4,7,30,144,6.2,0.43,0.01,157,7,0.12,"Drug, Bio-Affecting and Body Treating Compositions (includes Class 514)",0.5,20,KS,Kansas,Midwest,-95.697617,39.045968,322,355,13.8,15.2,39
31420,"Macon-Bibb County, GA",230450,5927,5.6,8.3,35951,-0.004660938,0.012371386,,,4,17,,,146,6.3,0.5,0.01,242,11,0.13,Surgery (Medicators and Receptors),0.56,13,GA,Georgia,South,-83.697542,32.859805,418,356,18.1,15.4,36.8
17020,"Chico, CA",224241,6231,6,6.7,29950,0.015794211,0.015201888,,,4,18,,,130,5.8,0.47,0.01,216,10,0.05,Amusement Devices: Games,0.57,6,CA,California,West,-121.707783,39.669038,347,360,15.5,16.1,29
47380,"Waco, TX",260430,5438,4.4,9.9,37872,0.025752106,0.018255697,,,5,19,,,135,5.2,0.48,0.01,195,7,0.07,Metal Working,0.5,48,TX,Texas,South,-97.155696,31.521503,373,363,14.3,13.9,57.3
24300,"Grand Junction, CO",148255,3396,4.7,4.9,33301,0.019546435,0.00577001,,,6,40,,,98,6.6,0.45,0.01,208,14,0.06,Image Analysis,0.53,8,CO,Colorado,West,-108.54378,39.092852,370,363,25,24.5,57.5
44100,"Springfield, IL",211567,5300,4.6,8.9,41996,-0.003583773,0.001583181,,,4,19,,,188,8.9,0.45,0.01,357,17,0.19,Multicellular Living Organisms and Unmodified Parts Thereof and Related Processes,0.6,17,IL,Illinois,Midwest,-89.661711,39.786329,391,368,18.5,17.4,51.7
26380,"Houma-Thibodaux, LA",211348,5878,6.5,10.5,49780,0.022319791,-0.002040486,,,6,28,,,116,5.5,0.45,0.01,318,15,0.33,"Wells (shafts or deep borings in the earth, e.g., for oil and gas)",0.3,22,LA,Louisiana,South,-90.672802,29.633148,359,369,17,17.5,71.7
27900,"Joplin, MO",176141,3483,4.1,6,33905,0.009714818,-0.001864939,,,3,17,2,11,129,7.3,0.45,0.01,353,20,0.25,Beds,0.46,29,MO,Missouri,Midwest,-94.432817,37.060392,285,370,16.2,21,38.5
28740,"Kingston, NY",180445,3857,4.4,5.1,27986,0.009644815,-0.002554563,,,2,11,,,243,13.5,0.46,0.01,1173,65,0.06,Input/Output (Electrical Computers and Digital Data Processing Systems),0.6,36,NY,New York,Northeast,-74.100651,41.841064,395,370,21.9,20.5,31.4
21500,"Erie, PA",278443,7953,6,9.7,34865,0.000354108,0.001947878,,,4,14,1,4,180,6.5,0.45,0.01,1217,44,0.12,"DP: Vehicles, Navigation, and Relative Location (Data Processing)",0.5,42,PA,Pennsylvania,Northeast,-80.071687,42.068054,357,375,12.8,13.5,37.1
28700,"Kingsport-Bristol-Bristol, TN-VA",308079,6957,5,10.4,33683,0.004786244,0.005048094,,,9,29,11,36,204,6.6,0.46,0.01,1319,43,0.24,Synthetic Resins or Natural Rubbers (includes Classes 520-528),0.44,47,TN,Tennessee,South,-82.409817,36.565404,395,376,12.8,12.2,37.3
42140,"Santa Fe, NM",148164,3979,5.4,6.7,45396,0.006861041,-0.002039205,,,1,7,1,7,155,10.5,0.48,0.01,613,41,0.06,Amusement Devices: Games,0.56,35,NM,New Mexico,West,-106.004873,35.630806,387,377,26.1,25.4,39.4
16300,"Cedar Rapids, IA",263885,4556,3.2,16.6,62724,0.030018975,0.012554554,,,22,83,5,19,198,7.5,0.43,0.01,2178,83,0.09,"Communications: Directive Radio Wave Systems and Devices (e.g., Radar, Radio Navigation)",0.46,19,IA,Iowa,Midwest,-91.648766,42.025077,414,385,15.7,14.6,43.6
13780,"Binghamton, NY",247219,5655,5.3,8.5,34180,0.009454481,-0.006862348,,,6,24,,,208,8.4,0.45,0.01,2481,100,0.06,Electricity: Conductors and Insulators,0.51,36,NY,New York,Northeast,-76.007945,42.12124,380,386,15.4,15.6,43.3
33260,"Midland, TX",161290,3653,4.2,25.6,158609,0.084709023,0.141127149,,,3,19,1,6,86,5.3,0.48,0.01,290,18,0.22,"Wells (shafts or deep borings in the earth, e.g., for oil and gas)",0.27,48,TX,Texas,South,-102.097124,32.008896,528,387,32.7,24,108.5
22020,"Fargo, ND-MN",228291,3723,2.7,13.7,60068,0.039048924,0.04258592,,,18,79,1,4,133,5.8,0.45,0.01,761,33,0.18,Multicellular Living Organisms and Unmodified Parts Thereof and Related Processes,0.51,38,ND,North Dakota,Midwest,-96.808021,46.859798,527,387,23.1,17,66.5
26580,"Huntington-Ashland, WV-KY-OH",363325,8295,5.6,13.2,36196,0.016772443,0.016797996,,,3,8,,,159,4.4,0.48,0.01,186,5,0.08,Mineral Oils: Processes and Products,0.48,54,WV,West Virginia,South,-82.404483,38.424721,395,388,10.9,10.7,30.9
31340,"Lynchburg, VA",257835,5139,4.2,8.3,32137,0.003923279,-0.007618992,,,2,8,,,175,6.8,0.45,0.01,505,20,0.15,Telecommunications,0.48,51,VA,Virginia,South,-79.243966,37.355622,425,393,16.5,15.2,38.9
18880,"Crestview-Fort Walton Beach-Destin, FL",258042,4894,3.9,11.4,44094,0.020093867,0.010219885,,,11,43,,,288,11.2,0.45,0.01,262,10,0.05,Electricity: Conductors and Insulators,0.49,12,FL,Florida,South,-86.479239,30.552374,462,397,17.9,15.4,32.5
46540,"Utica-Rome, NY",296615,6118,4.8,9.6,32497,0.006037481,-0.002900209,,,1,3,,,269,9.1,0.45,0.01,354,12,0.04,Surgery (includes Class 600),0.57,36,NY,New York,Northeast,-75.280716,43.130879,439,398,14.8,13.4,39.3
29700,"Laredo, TX",266673,5690,5,6.9,25799,0.02336811,0.026385008,,,5,19,,,122,4.6,0.48,0.01,28,1,0.11,Geometrical Instruments,0.48,48,TX,Texas,South,-99.476354,27.520331,448,402,16.8,15.1,38.4
43900,"Spartanburg, SC",321418,6778,4.3,12.6,39214,0.014587118,0.020247341,,,7,22,,,223,6.9,0.45,0.01,1007,31,0.1,Synthetic Resins or Natural Rubbers (includes Classes 520-528),0.41,45,SC,South Carolina,South,-81.965527,34.941396,392,403,12.2,12.5,43.4
35980,"Norwich-New London, CT",273676,"7,216",5,14,51053,0.005075405,-0.024291029,,,8,29,1,4,287,10.5,0.43,0.01,2041,75,0.33,"Drug, Bio-Affecting and Body Treating Compositions (includes Class 514)",0.44,9,CT,Connecticut,Northeast,-72.097691,41.443373,443,406,16.2,14.8,27.7
16820,"Charlottesville, VA",226968,3895,3.3,10.9,47976,0.025471335,0.018261154,,,13,57,,,226,10,0.48,0.01,1122,49,0.13,"Drug, Bio-Affecting and Body Treating Compositions (includes Class 514)",0.59,51,VA,Virginia,South,-78.500114,37.991825,498,415,21.9,18.3,42.7
28020,"Kalamazoo-Portage, MI",334017,7572,4.4,13.2,39627,0.007273198,0.008524401,,,13,39,1,3,243,7.3,0.46,0.01,1484,44,0.2,"Drug, Bio-Affecting and Body Treating Compositions (includes Class 514)",0.48,26,MI,Michigan,Midwest,-85.684156,42.26283,429,416,12.8,12.5,35.2
46340,"Tyler, TX",218842,5042,4.7,10.4,47450,0.029371104,0.034788215,,,2,9,,,127,5.8,0.47,0.01,291,13,0.06,"Prosthesis (i.e., Artificial Body Members), Parts Thereof, or Aids and Accessories Therefor",0.57,48,TX,Texas,South,-95.297819,32.326711,482,416,22,19,51.8
24540,"Greeley, CO",277670,4342,2.9,9.5,34318,0.027621833,0.05215707,,,6,22,2,7,141,5.1,0.42,0.01,3668,132,0.06,Dynamic Magnetic Information Storage or Retrieval,0.42,8,CO,Colorado,West,-104.788372,40.328083,652,417,23.5,15,47.7
28420,"Kennewick-Richland, WA",274295,8917,6.6,10.5,38382,0.02345478,-0.00795621,,,8,29,,,158,5.8,0.43,0.01,1079,39,0.06,Radiant Energy,0.42,53,WA,Washington,West,-119.227719,46.25221,480,418,17.5,15.2,29.9
11100,"Amarillo, TX",259885,4663,3.5,10.9,41807,0.020455532,0.01543428,,,2,8,,,182,7,0.46,0.01,212,8,0.11,Animal Husbandry,0.48,48,TX,Texas,South,-101.850365,35.177452,524,429,20.2,16.5,43.2
43780,"South Bend-Mishawaka, IN-MI",319226,6685,4.2,12.4,38759,0.007902094,0.000599152,,,10,31,,,222,7,0.46,0.01,1337,42,0.05,Land Vehicles,0.54,18,IN,Indiana,Midwest,-86.197855,41.710878,414,434,13,13.6,46.4
30980,"Longview, TX",217481,6468,6.6,10.5,48469,0.029577356,0.008504163,,,3,14,,,139,6.4,0.45,0.01,301,14,0.23,Synthetic Resins or Natural Rubbers (includes Classes 520-528),0.45,48,TX,Texas,South,-94.817451,32.459029,455,434,20.9,20,48.6
36500,"Olympia-Tumwater, WA",265851,6912,5.3,9.6,36069,0.015926649,0.009747888,,,1,4,,,174,6.5,0.4,0.01,518,19,0.09,Support (Electrical Computers and Digital Processing Systems),0.55,53,WA,Washington,West,-122.841,46.999073,537,441,20.2,16.6,30.3
15180,"Brownsville-Harlingen, TX",420392,13378,7.9,8.5,20172,0.018362272,0.012787619,,,1,2,,,253,6,0.5,0.01,95,2,0.09,"Prosthesis (i.e., Artificial Body Members), Parts Thereof, or Aids and Accessories Therefor",0.5,48,TX,Texas,South,-97.557094,26.045736,541,442,12.9,10.5,34.9
24580,"Green Bay, WI",314531,5503,3.2,16.7,53146,0.011684273,0.01911566,,,9,29,7,22,288,9.2,0.43,0.01,580,18,0.05,"Static Structures (e.g., Buildings)",0.49,55,WI,Wisconsin,Midwest,-88.016456,44.548513,501,443,15.9,14.1,49.2
32780,"Medford, OR",210287,4078,4,6.4,30482,0.005842135,0.012734497,,,4,19,1,5,193,9.2,0.46,0.01,327,16,0.06,Abrading,0.49,41,OR,Oregon,West,-122.858375,42.34699,535,446,25.4,21.2,44.9
39140,"Prescott, AZ",218844,4830,4.7,4.6,21084,0.013145788,0.00840006,,,6,27,,,203,9.3,0.44,0.01,361,16,0.11,Firearms,0.53,4,AZ,Arizona,West,-112.267662,34.629015,550,450,25.1,20.6,36.4
15540,"Burlington-South Burlington, VT",216167,"3,058",2.4,11.7,53977,0.01950651,0.010559558,,,15,69,,,203,9.4,0.44,0.01,6263,290,0.21,"Active Solid-State Devices (e.g., Transistors, Solid-State Diodes)",0.49,50,VT,Vermont,Northeast,-73.119038,44.57247,524,454,24.2,21,49.2
20260,"Duluth, MN-WI",280218,7709,5.4,11.1,39594,0.010715626,0.007672355,,,7,25,2,7,247,8.8,0.44,0.01,316,11,0.08,"Drug, Bio-Affecting and Body Treating Compositions (includes Class 514)",0.5,27,MN,Minnesota,Midwest,-92.29416,46.957867,402,455,14.3,16.2,37.2
31180,"Lubbock, TX",305644,5799,3.6,11.6,38031,0.025595492,0.023567824,,,3,10,,,168,5.5,0.48,0.01,373,12,0.06,Surgery (includes Class 600),0.55,48,TX,Texas,South,-101.875148,33.551238,581,465,19,15.2,49.3
22180,"Fayetteville, NC",377939,9113,6.2,15.3,40350,0.014223888,-0.014134414,,,8,21,,,211,5.6,0.44,0.01,168,4,0.17,Liquid Purification or Separation,0.51,37,NC,North Carolina,South,-78.967022,35.047924,462,466,12.2,12.3,31.1
33860,"Montgomery, AL",373141,9669,5.6,15.2,40818,0.006615189,-0.001099378,,,6,16,1,3,207,5.5,0.46,0.01,235,6,0.14,Liquid Heaters and Vaporizers,0.46,1,AL,Alabama,South,-86.287743,32.408302,542,468,14.5,12.5,38.8
22900,"Fort Smith, AR-OK",279592,5034,4.2,9.7,34604,0.011955703,0.00539902,,,2,7,6,21,171,6.1,0.47,0.01,162,6,0.09,"Wells (shafts or deep borings in the earth, e.g., for oil and gas)",0.49,5,AR,Arkansas,South,-94.447657,35.334302,413,474,14.8,17,32.5
43620,"Sioux Falls, SD",248351,3607,2.4,16.3,65750,0.031407268,0.027784633,,,6,24,3,12,165,6.6,0.43,0.01,403,16,0.07,Multicellular Living Organisms and Unmodified Parts Thereof and Related Processes,0.56,46,SD,South Dakota,Midwest,-96.764139,43.526733,577,478,23.2,19.2,64
28660,"Killeen-Temple, TX",424858,8604,4.8,14.9,35134,0.025579361,0.001615626,,,3,7,,,227,5.3,0.43,0.01,230,5,0.08,Support (Electrical Computers and Digital Processing Systems),0.54,48,TX,Texas,South,-97.66156,31.113762,574,478,13.5,11.3,31.9
14740,"Bremerton-Silverdale, WA",254183,6185,5.2,9.1,35809,0.007745936,0.003149739,,,3,12,,,167,6.6,0.43,0.01,7923,312,0.07,DP: Database and File Management or Data Structures (Data Processing),0.55,53,WA,Washington,West,-122.632773,47.613056,497,479,19.6,18.8,29.6
13460,"Bend-Redmond, OR",170388,3435,3.7,6.6,38853,0.022848886,0.025811797,,,9,53,,,173,10.2,0.47,0.02,686,40,0.08,"Chemistry: Electrical Current Producing Apparatus, Product, and Process",0.54,41,OR,Oregon,West,-121.305498,44.092071,693,486,40.7,28.5,50.7
13740,"Billings, MT",166885,2941,3.3,8.8,52635,0.028785211,0.041382821,,,3,18,,,133,8,0.46,0.01,140,8,0.09,Games Using Tangible Projectile,0.53,30,MT,Montana,West,-108.577208,45.764276,473,487,28.3,29.2,76.9
13380,"Bellingham, WA",208351,5881,5.4,8.3,40057,0.02161107,-0.011367906,,,9,43,,,187,9,0.45,0.01,619,30,0.07,"Drug, Bio-Affecting and Body Treating Compositions (includes Class 514)",0.46,53,WA,Washington,West,-122.485377,48.820553,610,492,29.3,23.6,47.6
23540,"Gainesville, FL",273377,6192,4.3,10.8,39382,0.016861583,0.004786531,,,14,51,,,202,7.4,0.52,0.01,1830,67,0.15,"Drug, Bio-Affecting and Body Treating Compositions (includes Class 514)",0.53,12,FL,Florida,South,-82.41387,29.668386,601,493,22,18,35.1
30700,"Lincoln, NE",318945,4653,2.6,16.6,52116,0.020065956,0.029287195,,,14,44,1,3,189,5.9,0.45,0.01,986,31,0.17,Optics: Measuring and Testing,0.46,31,NE,Nebraska,Midwest,-96.697533,40.80508,672,502,21.1,15.7,44
46700,"Vallejo-Fairfield, CA",431131,10663,5.1,16.9,39137,0.021158565,0.028587629,,,2,5,,,224,5.2,0.42,0.01,832,19,0.07,Chemistry: Molecular Biology and Microbiology,0.49,6,CA,California,West,-122.069158,38.235582,655,503,15.2,11.7,29.3
47300,"Visalia-Porterville, CA",458198,22416,10.9,14.2,31061,0.031422309,0.047274578,,,6,13,,,211,4.6,0.46,0.01,185,4,0.06,Multicellular Living Organisms and Unmodified Parts Thereof and Related Processes,0.44,6,CA,California,West,-119.231702,36.251227,529,505,11.5,11,22.9
16620,"Charleston, WV",222878,4746,4.9,12.4,55842,0.00081416,-0.010733434,,,1,4,,,145,6.5,0.47,0.01,473,21,0.31,Synthetic Resins or Natural Rubbers (includes Classes 520-528),0.51,54,WV,West Virginia,South,-81.641093,38.332981,431,510,19.3,22.9,64.7
25860,"Hickory-Lenoir-Morganton, NC",362896,7609,4.4,11.7,32114,-0.00569446,0.002611724,,,2,6,3,8,239,6.6,0.45,0.01,1177,32,0.52,Optical Waveguides,0.45,37,NC,North Carolina,South,-81.396558,35.764448,517,518,14.2,14.3,39.6
40420,"Rockford, IL",342411,14614,8.6,13.3,38871,0.005623607,0.011329274,,,9,26,,,228,6.7,0.45,0.01,1553,45,0.04,Electrical Generator or Motor Structure,0.48,17,IL,Illinois,Midwest,-89.029647,42.30509,508,520,14.8,15.2,35.3
12700,"Barnstable Town, MA",214914,"5,595",4.5,9.7,45176,0.004205469,0.015529688,,,7,33,,,432,20.1,0.46,0.01,677,32,0.06,Liquid Purification or Separation,0.6,25,MA,Massachusetts,Northeast,-70.333834,41.690217,624,523,29,24.3,38.3
49620,"York-Hanover, PA",440755,10126,4.3,15.4,35006,0.009880029,-0.008428666,,,12,27,9,20,247,5.6,0.42,0.01,1461,33,0.26,Electrical Connectors,0.46,42,PA,Pennsylvania,Northeast,-76.750877,39.942113,586,531,13.3,12,37.1
39740,"Reading, PA",413691,9414,4.4,15.8,38200,0.009103555,0.012041077,,,19,46,3,7,283,6.8,0.43,0.01,1157,28,0.04,Land Vehicles,0.46,42,PA,Pennsylvania,Northeast,-75.908726,40.364227,576,533,13.9,12.9,40.9
13140,"Beaumont-Port Arthur, TX",405427,14150,8.1,20.4,50335,0.025798447,0.011458209,,,6,15,,,190,4.7,0.48,0.01,337,8,0.12,Synthetic Resins or Natural Rubbers (includes Classes 520-528),0.39,48,TX,Texas,South,-94.042609,30.098666,558,535,13.8,13.2,44.7
40220,"Roanoke, VA",313388,5820,3.7,12.9,41313,0.004066003,-0.0011699,,,7,22,1,3,272,8.7,0.44,0.01,894,29,0.12,"Optics: Eye Examining, Vision Testing and Correcting",0.46,51,VA,Virginia,South,-79.950546,37.250857,535,547,17.1,17.5,41.1
29180,"Lafayette, LA",484974,14157,6.6,22.9,47122,0.011294237,-0.008445787,,,17,35,,,288,5.9,0.49,0.01,815,17,0.28,"Wells (shafts or deep borings in the earth, e.g., for oil and gas)",0.4,22,LA,Louisiana,South,-92.039766,30.15819,777,555,16,11.4,38.1
37900,"Peoria, IL",380040,11410,6.3,18.1,47577,0.01678176,0.001109819,,,7,18,6,16,309,8.1,0.44,0.01,3321,87,0.15,Internal-Combustion Engines,0.47,17,IL,Illinois,Midwest,-89.557616,40.711432,568,563,14.9,14.8,53.1
22420,"Flint, MI",412895,10663,5.8,12.5,30373,-0.004683918,0.011024444,,,1,2,,,232,5.6,0.45,0.01,1514,37,0.1,"DP: Vehicles, Navigation, and Relative Location (Data Processing)",0.53,26,MI,Michigan,Midwest,-83.69473,43.006414,573,566,13.9,13.7,32.5
15940,"Canton-Massillon, OH",403923,11221,5.6,16,39725,0.009981531,0.039962821,,,8,20,3,7,273,6.8,0.44,0.01,2161,54,0.21,"Registers (e.g., cash registers, calculators, devices for counting movements of devices, etc.)",0.51,39,OH,Ohio,Midwest,-81.367724,40.820707,585,567,14.5,14,36.9
11460,"Ann Arbor, MI",356874,7089,3.6,19.2,53789,0.002777054,0.001854406,,,36,101,8,22,266,7.5,0.48,0.01,7928,222,0.08,"DP: Vehicles, Navigation, and Relative Location (Data Processing)",0.48,26,MI,Michigan,Midwest,-83.727176,42.256944,684,573,19.2,16.1,50.4
21780,"Evansville, IN-KY",315162,6262,3.9,15.3,48388,0.00285653,-0.004438639,,,6,19,8,25,217,6.9,0.45,0.01,1080,34,0.21,Synthetic Resins or Natural Rubbers (includes Classes 520-528),0.47,18,IN,Indiana,Midwest,-87.538062,37.974352,536,578,17,18.3,48.7
12100,"Atlantic City-Hammonton, NJ",275209,8597,7,11.8,42746,-0.009083137,-0.019828003,,,5,18,,,331,12,0.46,0.01,237,9,0.25,Amusement Devices: Games,0.52,34,NJ,New Jersey,Northeast,-74.583545,39.427563,513,578,18.6,21,40.5
19340,"Davenport-Moline-Rock Island, IA-IL",383030,9200,4.8,17.5,45741,0.011327661,0.000617581,,,11,29,3,8,294,7.7,0.44,0.01,1079,28,0.16,Harvesters,0.46,17,IL,Illinois,Midwest,-90.490598,41.490778,560,591,14.6,15.4,48.5
42100,"Santa Cruz-Watsonville, CA",271804,9430,6.5,10.6,38852,-0.002918084,0.022438586,,,15,55,2,7,251,9.2,0.47,0.01,7719,284,0.04,Multicomputer Data Transferring (Electrical Computers and Digital Processing Systems),0.51,6,CA,California,West,-121.936794,36.985172,617,593,22.7,21.8,34
33660,"Mobile, AL",415123,13049,7,16.6,39981,0.014257593,0.003310323,,,14,34,,,215,5.2,0.47,0.01,321,8,0.07,"Drug, Bio-Affecting and Body Treating Compositions (includes Class 514)",0.46,1,AL,Alabama,South,-88.170618,30.683994,619,611,14.9,14.7,44.6
42020,"San Luis Obispo-Paso Robles-Arroyo Grande, CA",279083,5421,3.8,12.1,43252,0.0202578,0.018718802,,,17,61,,,318,11.4,0.46,0.01,1190,43,0.07,Abrading,0.45,6,CA,California,West,-120.667817,35.342391,716,611,25.7,21.9,47.8
41500,"Salinas, CA",431344,16701,7.4,19.3,44788,0.010373685,0.013602817,,,6,14,1,2,348,8.1,0.46,0.01,992,23,0.06,Multicellular Living Organisms and Unmodified Parts Thereof and Related Processes,0.44,6,CA,California,West,-121.646434,36.611722,756,622,17.5,14.4,32.6
29620,"Lansing-East Lansing, MI",470458,10359,4.1,18.7,39797,-2.29E-05,-0.004697268,,,13,28,1,2,311,6.6,0.45,0.01,1237,26,0.08,Chemistry: Molecular Biology and Microbiology,0.48,26,MI,Michigan,Midwest,-84.557412,42.711307,658,627,14,13.3,36.1
23060,"Fort Wayne, IN",427183,8064,3.8,19.3,45189,0.010976895,0.016617935,,,16,37,1,2,300,7,0.44,0.01,2022,47,0.06,"Prosthesis (i.e., Artificial Body Members), Parts Thereof, or Aids and Accessories Therefor",0.51,18,IN,Indiana,Midwest,-85.15558,41.082034,776,635,18.2,14.9,48.2
34820,"Myrtle Beach-Conway-North Myrtle Beach, SC-NC",417668,9748,5.1,14.3,34156,0.01568478,0.009890052,,,7,17,,,616,14.7,0.45,0.01,225,5,0.2,Electricity: Electrical Systems and Devices,0.54,45,SC,South Carolina,South,-78.737292,33.857562,774,637,18.5,15.3,31.9
42340,"Savannah, GA",372708,8867,4.8,15,40286,0.019074721,0.025062914,,,8,21,,,356,9.6,0.45,0.01,319,9,0.05,Synthetic Resins or Natural Rubbers (includes Classes 520-528),0.47,13,GA,Georgia,South,-81.174191,32.069537,868,642,23.3,17.2,59.8
36100,"Ocala, FL",339167,7844,5.7,7.1,20839,0.013206497,0.00348839,,,11,32,,,168,5,0.43,0.01,386,11,0.12,Multiplex Communications,0.51,12,FL,Florida,South,-82.123382,29.140116,701,642,20.7,18.9,32.4
43340,"Shreveport-Bossier City, LA",445142,11220,5.9,19.3,43456,0.006927083,-0.015165718,,,7,16,,,248,5.6,0.49,0.01,334,8,0.07,"Drug, Bio-Affecting and Body Treating Compositions (includes Class 514)",0.55,22,LA,Louisiana,South,-93.717974,32.493432,716,644,16.1,14.5,40.9
33700,"Modesto, CA",531997,18928,7.7,17,32045,0.017222573,0.019945826,,,7,13,,,279,5.2,0.45,0.01,570,11,0.07,Surgery (includes Class 600),0.51,6,CA,California,West,-120.955575,37.619148,756,650,14.2,12.2,32.7
18580,"Corpus Christi, TX",448108,14050,6.8,21,46933,0.027342767,0.030871164,,,5,11,1,2,334,7.5,0.46,0.01,344,8,0.11,"Wells (shafts or deep borings in the earth, e.g., for oil and gas)",0.4,48,TX,Texas,South,-97.406075,27.782034,796,658,17.8,14.7,54.5
26620,"Huntsville, AL",441086,10976,5,22,49897,0.031057485,0.008921238,,,64,145,,,265,6,0.47,0.01,2368,54,0.06,Multiplex Communications,0.4,1,AL,Alabama,South,-86.677824,34.760114,786,662,17.8,15,52.7
45220,"Tallahassee, FL",375751,9033,4.7,13.1,34853,-0.001781323,-0.003789761,,,9,24,,,234,6.2,0.48,0.01,779,21,0.1,Organic Compounds (includes Classes 532-570),0.56,12,FL,Florida,South,-84.299327,30.460813,839,708,22.3,18.8,42.3
21660,"Eugene, OR",358337,7229,4,12.8,35776,0.017352412,0.019411918,,,11,31,5,14,317,8.8,0.47,0.01,1093,31,0.13,"Registers (e.g., cash registers, calculators, devices for counting movements of devices, etc.)",0.48,41,OR,Oregon,West,-123.117386,44.038338,751,711,21,19.8,54.1
12260,"Augusta-Richmond County, GA-SC",583632,14269,5.4,19.8,33848,0.004046897,0.004327967,,,5,9,,,347,5.9,0.47,0.01,740,13,0.07,"Drug, Bio-Affecting and Body Treating Compositions (includes Class 514)",0.48,13,GA,Georgia,South,-82.009236,33.484227,767,714,13.1,12.2,38.6
29540,"Lancaster, PA",533320,10168,3.7,23.3,43662,0.014403311,0.024348149,,,34,64,1,2,314,5.9,0.42,0,1808,34,0.09,Electrical Connectors,0.5,42,PA,Pennsylvania,Northeast,-76.290871,40.073653,893,726,16.7,13.6,48.2
41420,"Salem, OR",404026,7261,3.6,12.5,31043,0.009954232,0.001908503,,,4,10,,,284,7,0.42,0.01,614,15,0.1,Incremental Printing of Symbolic Information,0.5,41,OR,Oregon,West,-123.004297,44.953671,799,728,19.8,18,34.8
31700,"Manchester-Nashua, NH",405184,"3,266",2.8,23.1,57107,0.020280891,0.016033466,,,35,86,4,10,329,8.1,0.43,0.01,4893,121,0.04,DP: Database and File Management or Data Structures (Data Processing),0.49,33,NH,New Hampshire,Northeast,-71.532984,42.87989,877,748,21.6,18.5,62
22660,"Fort Collins, CO",324122,4953,2.6,14.1,43369,0.025173319,0.038598403,,,27,83,1,3,282,8.7,0.45,0.01,6146,190,0.04,Error Detection/Correction and Fault Detection/Recovery,0.46,8,CO,Colorado,West,-105.09919,40.504547,950,752,29.3,23.2,52.4
37860,"Pensacola-Ferry Pass-Brent, FL",474081,10492,4.7,14.4,30476,0.007649404,0.005573728,,,11,23,,,258,5.4,0.44,0.01,593,13,0.1,"Flexible or Portable Closure, Partition, or Panel",0.54,12,FL,Florida,South,-87.194632,30.506986,851,759,18,16,36.8
22220,"Fayetteville-Springdale-Rogers, AR-MO",501653,7219,2.7,23.8,47411,0.041978666,0.035927529,,,13,26,5,10,334,6.7,0.47,0.01,683,14,0.04,Chemistry: Molecular Biology and Microbiology,0.48,5,AR,Arkansas,South,-94.19716,36.23541,960,760,19.1,15.1,64.9
44700,"Stockton-Lodi, CA",715597,24236,7.6,22,30766,0.017346881,0.019250432,,,1,1,,,331,4.6,0.45,0.01,880,12,0.05,Telecommunications,0.45,6,CA,California,West,-121.298079,37.931805,956,760,13.4,10.6,29.3
48900,"Wilmington, NC",272548,6515,4.5,12,44066,0.022321037,0.019584681,,,16,59,,,280,10.3,0.48,0.01,745,27,0.16,"Induced Nuclear Reactions: Processes, Systems, and Elements",0.57,37,NC,North Carolina,South,-77.870424,34.2645,891,770,32.7,28.3,54.5
16860,"Chattanooga, TN-GA",544559,13019,4.9,21.7,39797,0.006191051,0.009473438,,,18,33,2,4,367,6.7,0.46,0.01,728,13,0.07,Sewing,0.46,47,TN,Tennessee,South,-85.248244,35.041153,852,771,15.6,14.2,51.4
49180,"Winston-Salem, NC",655015,14964,4.6,25.3,38593,-0.001240134,0.000960075,,,24,37,8,12,454,6.9,0.47,0.01,1512,23,0.09,"Drug, Bio-Affecting and Body Treating Compositions (includes Class 514)",0.52,37,NC,North Carolina,South,-80.285539,36.052309,800,773,12.2,11.8,30.4
44180,"Springfield, MO",452297,8687,3.7,16.5,36407,0.016069831,0.012765958,,,19,42,7,15,330,7.3,0.44,0.01,470,10,0.07,Endless Belt Power Transmission Systems or Components,0.5,29,MO,Missouri,Midwest,-93.264537,37.216164,1163,799,25.7,17.7,41.3
49660,"Youngstown-Warren-Boardman, OH-PA",553263,16489,6.6,19.2,34747,0.003469842,0.025728044,,,9,16,,,365,6.6,0.45,0.01,919,17,0.15,Electrical Connectors,0.5,39,OH,Ohio,Midwest,-80.645829,41.164632,799,806,14.4,14.6,54.8
25420,"Harrisburg-Carlisle, PA",560849,11826,4,30.4,54243,0.008557272,0.010492638,,,28,50,10,18,407,7.3,0.43,0.01,1945,35,0.55,Electrical Connectors,0.48,42,PA,Pennsylvania,Northeast,-76.956084,40.271759,975,825,17.4,14.7,54.3
11260,"Anchorage, AK",398892,12171,6,26.6,66750,0.022116492,-0.000891474,,,6,15,,,282,7.1,0.42,0.01,403,10,0.13,"Wells (shafts or deep borings in the earth, e.g., for oil and gas)",0.45,2,AK,Alaska,West,-149.706356,61.290161,936,847,23.5,21.2,53.2
30460,"Lexington-Fayette, KY",494189,9722,3.6,25.8,52269,0.018036344,0.019825113,,,13,26,2,4,359,7.3,0.48,0.01,2945,60,0.21,Incremental Printing of Symbolic Information,0.43,21,KY,Kentucky,South,-84.491215,38.034363,1091,862,22.1,17.4,65.9
45940,"Trenton, NJ",371537,7786,3.9,27.4,73732,0.018042996,0.013971427,,,14,38,7,19,259,7,0.49,0.01,5918,159,0.17,"Drug, Bio-Affecting and Body Treating Compositions (includes Class 514)",0.51,34,NJ,New Jersey,Northeast,-74.700333,40.255567,840,870,22.6,23.4,56.2
34940,"Naples-Immokalee-Marco Island, FL",348777,8440,5,14.9,42692,0.013472644,0.040025404,,,14,40,2,6,377,10.8,0.53,0.01,867,25,0.12,Surgery (instruments),0.53,12,FL,Florida,South,-81.699586,26.199831,1236,879,35.4,25.2,49.1
20500,"Durham-Chapel Hill, NC",542710,12658,4.3,39.4,72619,0.033034569,-0.002743008,,,41,76,4,7,375,6.9,0.49,0.01,6861,126,0.14,"Drug, Bio-Affecting and Body Treating Compositions (includes Class 514)",0.44,37,NC,North Carolina,South,-78.999292,35.985912,1070,882,19.7,16.3,55.7
39900,"Reno, NV",443990,10057,4.3,19.9,44722,0.007030234,0.012025497,,,17,38,6,14,320,7.2,0.47,0.01,3195,72,0.46,Amusement Devices: Games,0.46,32,NV,Nevada,West,-119.79386,39.53418,1081,890,24.3,20,57.8
38940,"Port St. Lucie, FL",444420,11547,5.5,11.1,25008,0.017687273,0.000884111,,,6,14,,,328,7.4,0.49,0.01,1265,28,0.23,"Fluid Reaction Surfaces (i.e., Impellers)",0.55,12,FL,Florida,South,-80.315654,27.271217,1078,895,24.3,20.1,37.1
42540,"Scranton--Wilkes-Barre--Hazleton, PA",559679,15118,5.5,21,37452,0.006527799,0.0077431,,,11,20,3,5,549,9.8,0.45,0,910,16,0.13,Electricity: Conductors and Insulators,0.52,42,PA,Pennsylvania,Northeast,-75.818067,41.308651,922,898,16.5,16,49.9
44060,"Spokane-Spokane Valley, WA",540953,15744,6.1,20.6,37994,0.01426939,0.011436491,,,15,28,3,6,352,6.5,0.45,0.01,1191,22,0.05,Multiplex Communications,0.49,53,WA,Washington,West,-117.403515,47.745444,1090,927,20.1,17.1,48.6
27140,"Jackson, MS",577564,11084,4,26.1,45124,0.01667704,0.009772867,,,22,38,,,271,4.7,0.48,0.01,415,7,0.06,"Drug, Bio-Affecting and Body Treating Compositions (includes Class 514)",0.49,28,MS,Mississippi,South,-90.166716,32.318118,1023,933,17.7,16.2,42.8
36260,"Ogden-Clearfield, UT",632293,9984,3.1,22.2,35094,0.02623945,0.019586039,1,1.58,31,49,2,3,246,3.9,0.4,0.01,1987,31,0.12,Land Vehicles,0.42,49,UT,Utah,West,-111.97901,41.147643,1178,934,18.6,14.8,33.4
29460,"Lakeland-Winter Haven, FL",634638,16545,5.6,17.1,26867,0.011285129,-0.00142489,,,9,14,1,2,288,4.5,0.43,0,546,9,0.04,Liquid Purification or Separation,0.49,12,FL,Florida,South,-81.799985,28.03114,1097,941,17.3,14.8,36.2
11700,"Asheville, NC",442316,8714,3.8,15,33906,0.016940811,0.011452051,,,17,38,1,2,427,9.7,0.46,0.01,859,19,0.04,Electricity: Electrical Systems and Devices,0.52,37,NC,North Carolina,South,-82.589057,35.528291,1048,944,23.7,21.3,49.1
19780,"Des Moines-West Des Moines, IA",611549,10046,2.9,41.4,67733,0.026823461,0.028656086,,,35,57,10,16,449,7.3,0.44,0.01,2919,48,0.54,Multicellular Living Organisms and Unmodified Parts Thereof and Related Processes,0.48,19,IA,Iowa,Midwest,-93.694793,41.601078,1216,973,19.9,15.9,54.3
14500,"Boulder, CO",313333,4751,2.6,21.5,68738,0.013733268,0.029422939,,,77,246,1,3,340,10.9,0.48,0.01,9558,305,0.06,Dynamic Magnetic Information Storage or Retrieval,0.45,8,CO,Colorado,West,-105.183938,40.063299,1219,978,38.9,31.2,81.4
44140,"Springfield, MA",629100,"16,507",4.5,22.6,35904,0.004791252,0.002767776,,,8,13,3,5,488,7.8,0.47,0,1988,32,0.11,Games Using Tangible Projectile,0.54,25,MA,Massachusetts,Northeast,-72.574823,42.173386,1008,982,16,15.6,33.4
31540,"Madison, WI",633787,10444,2.7,41.9,66101,0.025464631,0.025289194,,,41,65,9,14,562,8.9,0.44,0,5187,82,0.13,Chemistry: Molecular Biology and Microbiology,0.49,55,WI,Wisconsin,Midwest,-89.431144,43.082533,1168,983,18.4,15.5,52.2
45780,"Toledo, OH",607456,15413,5,30,49306,0.010133754,0.025934298,,,24,40,13,21,477,7.9,0.47,0.01,2255,37,0.05,Glass Manufacturing,0.51,39,OH,Ohio,Midwest,-83.645935,41.605528,1013,990,16.7,16.3,52.9
32580,"McAllen-Edinburg-Mission, TX",831073,29299,8.6,16.9,20277,0.034018953,0.028205209,,,2,2,,,377,4.5,0.49,0.01,123,1,0.07,Plastic and Nonmetallic Article Shaping or Treating: Processes,0.51,48,TX,Texas,South,-98.184073,26.232453,1133,999,13.6,12,32.4
19660,"Deltona-Daytona Beach-Ormond Beach, FL",609939,15354,5.2,13.5,22173,0.003357663,0.002893929,,,6,10,,,487,8,0.46,0.01,944,15, -   ,Electrical Connectors,0.5,12,FL,Florida,South,-81.140231,29.146641,1248,1010,20.5,16.6,34.3
48620,"Wichita, KS",641076,13882,4.5,28.6,44597,0.007255533,0.006221486,,,24,37,,,413,6.4,0.44,0,1648,26,0.06,Memory (Electrical Computers and Digital Processing Systems),0.43,20,KS,Kansas,Midwest,-97.321548,37.688891,1064,1011,16.6,15.8,50.4
39340,"Provo-Orem, UT",571460,7992,2.7,18.6,32595,0.042428945,0.041967979,3,5.25,129,226,6,10,180,3.1,0.42,0.01,3720,65,0.07,Boring or Penetrating the Earth,0.43,49,UT,Utah,West,-111.734847,40.262197,1464,1054,25.6,18.4,55.4
45060,"Syracuse, NY",661478,14603,4.8,28.4,42946,0.006874147,-0.001980574,,,22,33,2,3,505,7.6,0.45,0,2738,41,0.1,Refrigeration,0.49,36,NY,New York,Northeast,-76.144436,43.117848,1138,1067,17.2,16.1,41.3
12540,"Bakersfield, CA",874589,38236,9.8,32.5,37216,0.030273113,0.013594552,,,22,25,,,400,4.6,0.46,0,978,11,0.04,Aeronautics and Astronautics,0.42,6,CA,California,West,-118.936207,35.372968,1269,1073,14.5,12.3,28.7
42220,"Santa Rosa, CA",500292,9295,3.6,23.5,46887,0.011692265,0.030859514,,,20,40,,,503,10.1,0.46,0.01,3125,62,0.07,"Prosthesis (i.e., Artificial Body Members), Parts Thereof, or Aids and Accessories Therefor",0.5,6,CA,California,West,-122.720662,38.41408,1317,1088,26.3,21.7,49
10420,"Akron, OH",703825,19063,5.3,31.2,44272,0.011412005,0.018356835,,,45,64,14,20,430,6.1,0.46,0,5288,75,0.17,Synthetic Resins or Natural Rubbers (includes Classes 520-528),0.48,39,OH,Ohio,Midwest,-81.457919,41.128225,1208,1095,17.2,15.6,50.9
19380,"Dayton, OH",800836,18519,4.8,35,43752,-5.30E-05,0.006881049,,,44,55,9,11,502,6.3,0.46,0,3649,46,0.04,Brakes,0.52,39,OH,Ohio,Midwest,-84.168437,39.780733,1162,1099,14.5,13.7,45.2
21340,"El Paso, TX",836698,18887,5.3,25.9,30949,0.008407198,0.009379719,,,8,10,2,2,545,6.5,0.46,0.01,527,6,0.06,Electricity: Measuring and Testing,0.49,48,TX,Texas,South,-106.372834,31.780485,1357,1119,16.2,13.4,40
37340,"Palm Bay-Melbourne-Titusville, FL",556885,13594,5,18.1,32515,0.017594712,-0.00316192,,,15,27,2,4,452,8.1,0.45,0.01,5335,96,0.06,Multiplex Communications,0.49,12,FL,Florida,South,-80.69111,28.232195,1371,1123,24.6,20.2,36.2
24860,"Greenville-Anderson-Mauldin, SC",862463,16941,4,34.3,39777,0.010438828,0.019554146,,,42,49,4,5,676,7.8,0.47,0,4235,49,0.12,Power Plants,0.47,45,SC,South Carolina,South,-82.425521,34.748564,1210,1146,14,13.3,37.6
24340,"Grand Rapids-Wyoming, MI",1027703,19748,3.4,48.5,47171,0.011543512,0.033717535,,,55,54,17,17,612,6,0.44,0,5092,50, -   ,Optical: Systems and Elements,0.48,26,MI,Michigan,Midwest,-85.686275,42.949149,1321,1162,12.9,11.3,47.8
28940,"Knoxville, TN",857585,19476,4.7,35.3,41153,0.01820414,0.016082668,,,41,48,10,12,526,6.1,0.47,0,2741,32,0.07,Radiant Energy,0.47,47,TN,Tennessee,South,-84.058862,35.970057,1218,1170,14.2,13.6,44.3
38860,"Portland-South Portland, ME",523552,"5,121",2.5,25.9,49437,0.009375746,0.002883801,,,34,65,5,10,648,12.4,0.45,0.01,1831,35,0.06,Chemistry: Molecular Biology and Microbiology,0.52,23,ME,Maine,Northeast,-70.40409,43.638145,1333,1181,25.5,22.6,46.3
23420,"Fresno, CA",965974,41128,9.2,34,35159,0.021513235,0.014251547,,,17,18,,,491,5.1,0.47,0.01,744,8,0.05,Land Vehicles,0.46,6,CA,California,West,-119.767821,36.738919,1433,1207,14.8,12.5,33.7
17900,"Columbia, SC",800495,17558,4.3,34.2,42706,0.015634817,0.015772651,,,23,29,3,4,501,6.3,0.45,0,1115,14,0.05,"Active Solid-State Devices (e.g., Transistors, Solid-State Diodes)",0.5,45,SC,South Carolina,South,-81.054802,34.041832,1372,1213,17.1,15.2,44.1
49340,"Worcester, MA-CT",930473,"14,276",4.1,35.3,37966,0.007471343,0.007734448,,,25,27,8,9,686,7.4,0.45,0,7198,77,0.07,"Drug, Bio-Affecting and Body Treating Compositions (includes Class 514)",0.53,25,MA,Massachusetts,Northeast,-71.829905,42.239197,1357,1225,14.6,13.2,31.6
24660,"Greensboro-High Point, NC",746593,18586,5,34.8,46602,0.00546052,0.006242909,,,31,42,7,9,563,7.5,0.47,0.01,2000,27,0.06,"Drug, Bio-Affecting and Body Treating Compositions (includes Class 514)",0.48,37,NC,North Carolina,South,-79.835832,36.050277,1342,1265,18,16.9,50.4
14260,"Boise City, ID",664422,11883,3.5,27.4,41264,0.022374997,0.020587748,,,28,42,14,21,433,6.5,0.45,0.01,19188,289,0.25,Semiconductor Device Manufacturing: Process,0.46,16,ID,Idaho,West,-116.412399,43.617577,1691,1275,25.5,19.2,56.9
10900,"Allentown-Bethlehem-Easton, PA-NJ",829835,20503,4.8,33.4,40241,0.008903087,0.014375058,,,30,36,8,10,623,7.5,0.44,0.01,5073,61,0.03,Synthetic Resins or Natural Rubbers (includes Classes 520-528),0.5,42,PA,Pennsylvania,Northeast,-75.391297,40.683247,1462,1302,17.6,15.7,42.6
12940,"Baton Rouge, LA",825478,20865,4.9,45.6,55278,0.027868949,0.011159372,,,40,48,5,6,435,5.3,0.47,0,1359,16,0.11,Organic Compounds (includes Classes 532-570),0.4,22,LA,Louisiana,South,-91.058822,30.45684,1450,1325,17.6,16.1,57.2
35300,"New Haven-Milford, CT",861277,"16,376",5,40.4,46884,0.005594793,-0.001209074,,,34,39,9,10,772,9,0.47,0,6098,71,0.14,"Drug, Bio-Affecting and Body Treating Compositions (includes Class 514)",0.55,9,CT,Connecticut,Northeast,-72.941523,41.396052,1483,1329,17.2,15.4,44.6
30780,"Little Rock-North Little Rock-Conway, AR",729135,11869,3.4,35.5,48752,0.021118446,0.015578484,,,15,21,6,8,508,7,0.46,0,796,11,0.12,"Drug, Bio-Affecting and Body Treating Compositions (includes Class 514)",0.5,5,AR,Arkansas,South,-92.338945,34.80404,1386,1329,19,18.2,45.2
16700,"Charleston-North Charleston, SC",727689,14728,3.9,32.5,44718,0.029670558,0.027951211,,,48,66,,,608,8.4,0.47,0.01,1060,15,0.09,Beds,0.54,45,SC,South Carolina,South,-80.042555,32.92502,1706,1382,23.4,19,48.5
17820,"Colorado Springs, CO",686908,11306,3.4,27.2,39611,0.01209188,0.009077365,,,28,41,,,428,6.2,0.44,0.01,3750,55,0.06,Static Information Storage and Retrieval,0.49,8,CO,Colorado,West,-104.7723,38.876197,1789,1426,26,20.8,46.4
15980,"Cape Coral-Fort Myers, FL",679513,15556,4.7,22.7,33445,0.01554084,0.030427663,,,20,29,9,13,553,8.1,0.48,0.01,766,11,0.05,Multicellular Living Organisms and Unmodified Parts Thereof and Related Processes,0.51,12,FL,Florida,South,-81.858159,26.574993,1874,1491,27.6,21.9,44.9
10740,"Albuquerque, NM",904587,26689,6.3,38.7,42741,0.012085374,0.000150082,,,24,27,9,10,490,5.4,0.47,0,3823,42,0.03,Semiconductor Device Manufacturing: Process,0.5,35,NM,New Mexico,West,-106.620656,35.105462,1590,1518,17.6,16.8,38.9
36540,"Omaha-Council Bluffs, NE-IA",904421,14744,3.1,52.5,58025,0.020698806,0.02105411,,,60,66,19,21,612,6.8,0.44,0,1758,19,0.07,"DP: Financial, Business Practice, Management, or Cost/Price Determination (Data Processing)",0.47,31,NE,Nebraska,Midwest,-96.031505,41.240784,1948,1528,21.5,16.9,52.9
46060,"Tucson, AZ",1004516,23415,4.9,32.5,32328,0.008964035,-0.001526519,,,21,21,,,627,6.2,0.47,0,7014,70,0.11,Memory (Electrical Computers and Digital Processing Systems),0.49,4,AZ,Arizona,West,-110.960036,32.216708,1608,1560,16,15.5,31.6
10580,"Albany-Schenectady-Troy, NY",880167,17699,4,45.3,51496,0.012003765,0.011653037,,,41,47,7,8,780,8.9,0.43,0,10852,123,0.08,Semiconductor Device Manufacturing: Process,0.49,36,NY,New York,Northeast,-73.819697,42.787795,1749,1592,19.9,18.1,42.7
37100,"Oxnard-Thousand Oaks-Ventura, CA",846178,20209,4.7,42.5,50234,0.023794716,0.015797058,,,56,66,8,9,573,6.8,0.44,0.01,7721,91,0.06,"Drug, Bio-Affecting and Body Treating Compositions (includes Class 514)",0.47,6,CA,California,West,-119.025017,34.241989,1858,1630,22,19.3,38.5
40380,"Rochester, NY",1083393,23980,4.6,49.3,45520,0.004550341,0.001548247,,,73,67,9,8,864,8,0.45,0,20239,187,0.09,"Radiation Imagery Chemistry: Process, Composition, or Product Thereof",0.49,36,NY,New York,Northeast,-77.561166,43.100879,1848,1720,17.1,15.9,42.1
32820,"Memphis, TN-MS-AR",1343230,32673,5.2,63,46931,0.003441137,0.005115736,,,47,35,23,17,756,5.6,0.48,0,3295,25,0.23,Surgery (instruments),0.5,47,TN,Tennessee,South,-89.885651,35.10168,2002,1755,14.9,13.1,44.2
13820,"Birmingham-Hoover, AL",1143772,29256,5.4,57.5,50257,0.00865062,0.020499214,,,71,62,28,24,634,5.5,0.48,0,1395,12,0.17,"Drug, Bio-Affecting and Body Treating Compositions (includes Class 514)",0.49,1,AL,Alabama,South,-86.784542,33.495986,1940,1774,17,15.5,50.1
35840,"North Port-Sarasota-Bradenton, FL",748708,16626,4.6,25.4,33941,0.013576775,0.018714664,,,43,57,,,710,9.5,0.47,0.01,1922,26,0.05,"Drug, Bio-Affecting and Body Treating Compositions (includes Class 514)",0.52,12,FL,Florida,South,-82.473999,27.331793,2215,1794,29.6,24,56
46140,"Tulsa, OK",969224,22336,4.7,51.6,53273,0.021019261,0.030741992,,,49,51,21,22,621,6.4,0.47,0,2160,22,0.11,"Wells (shafts or deep borings in the earth, e.g., for oil and gas)",0.44,40,OK,Oklahoma,South,-95.920056,36.106428,1959,1818,20.2,18.8,56.3
15380,"Buffalo-Cheektowaga-Niagara Falls, NY",1136360,27235,5,50,44010,0.010283675,0.007898045,,,56,49,8,7,939,8.3,0.46,0,4336,38,0.06,Refrigeration,0.52,36,NY,New York,Northeast,-78.803923,42.936227,2091,1901,18.4,16.7,47.4
31140,"Louisville/Jefferson County, KY-IN",1269702,26979,4.1,63.1,49661,0.013446159,0.018576664,,,100,79,11,9,758,6,0.46,0,2589,20,0.06,Refrigeration,0.48,21,KY,Kentucky,South,-85.685718,38.245258,2424,2024,19.1,15.9,60.9
25540,"Hartford-West Hartford-East Hartford, CT",1214295,"31,738",5.1,77.4,63733,0.005445569,-0.00962147,,,53,44,26,21,1072,8.8,0.46,0,8938,74,0.06,Power Plants,0.5,9,CT,Connecticut,Northeast,-72.653838,41.733397,2124,2080,17.5,17.1,52.1
14860,"Bridgeport-Stamford-Norwalk, CT",945438,"23,757",5.1,89.3,94461,0.010033235,0.01839379,1,1.06,101,107,53,56,917,9.7,0.54,0,9721,103,0.09,"DP: Financial, Business Practice, Management, or Cost/Price Determination (Data Processing)",0.49,9,CT,Connecticut,Northeast,-73.364439,41.207889,2216,2082,23.4,22,50.9
35380,"New Orleans-Metairie, LA",1251849,31014,5.2,68.5,54693,-0.001085471,-0.01238749,,,57,46,9,7,1073,8.6,0.5,0,1869,15,0.07,"Drug, Bio-Affecting and Body Treating Compositions (includes Class 514)",0.45,22,LA,Louisiana,South,-90.107167,30.040414,2467,2201,19.7,17.6,53.8
40060,"Richmond, VA",1260029,26007,3.9,65.9,52261,0.008519156,0.012174137,,,84,67,28,22,956,7.6,0.45,0,3003,24,0.08,Tobacco,0.51,51,VA,Virginia,South,-77.487647,37.505973,2629,2247,20.9,17.8,52.8
39580,"Raleigh, NC",1242974,29082,4.2,68.1,54777,0.031977282,0.031916748,,,128,103,7,6,850,6.8,0.45,0,15950,128,0.08,Multicomputer Data Transferring (Electrical Computers and Digital Processing Systems),0.47,37,NC,North Carolina,South,-78.616208,35.775247,3018,2371,24.3,19.1,51.2
33340,"Milwaukee-Waukesha-West Allis, WI",1572245,32379,3.9,91.7,58348,0.012039736,0.012799196,,,110,70,50,32,1046,6.7,0.47,0,8988,57,0.07,X-Ray or Gamma Ray Systems or Devices,0.5,55,WI,Wisconsin,Midwest,-88.050188,43.075877,2828,2548,18,16.2,56.2
36420,"Oklahoma City, OK",1336767,27526,4.1,69.7,52177,0.028740514,0.042696999,,,78,58,10,7,854,6.4,0.46,0,2204,16,0.1,"Wells (shafts or deep borings in the earth, e.g., for oil and gas)",0.47,40,OK,Oklahoma,South,-97.517838,35.450109,3118,2603,23.3,19.5,57
41620,"Salt Lake City, UT",1153340,18985,2.9,70.2,60846,0.023343358,0.023242038,,,139,121,10,9,647,5.6,0.43,0,6690,58,0.06,Surgery (Medicators and Receptors),0.43,49,UT,Utah,West,-111.947185,40.641744,3234,2629,28,22.8,74.6
18140,"Columbus, OH",1994536,45217,4.2,111.2,55752,0.016483229,0.030740872,,,154,77,51,26,1174,5.9,0.46,0,6166,31,0.05,"Drug, Bio-Affecting and Body Treating Compositions (includes Class 514)",0.48,39,OH,Ohio,Midwest,-82.920378,40.001332,3263,2765,16.4,13.9,59.1
47260,"Virginia Beach-Norfolk-Newport News, VA-NC",1716624,35224,4.2,85.6,49844,0.01709985,0.009368992,,,87,51,13,8,1463,8.5,0.43,0,2242,13,0.09,"Fluid Sprinkling, Spraying, and Diffusing",0.5,51,VA,Virginia,South,-76.323933,36.916308,3030,2828,17.7,16.5,41.1
39300,"Providence-Warwick, RI-MA",1609367,"30,336",4.5,70.6,43844,0.010549259,0.010296237,,,67,42,20,12,1566,9.7,0.47,0,6954,43,0.08,Games Using Tangible Projectile,0.54,44,RI,Rhode Island,Northeast,-71.333584,41.767176,3105,3001,19.3,18.6,43.4
27260,"Jacksonville, FL",1419127,35318,4.7,60.3,42503,0.013830632,0.012795099,1,0.7,90,63,17,12,1044,7.4,0.47,0,2167,15,0.06,"Optics: Eye Examining, Vision Testing and Correcting",0.5,12,FL,Florida,South,-81.632123,30.240552,3643,3011,25.7,21.2,58.6
34980,"Nashville-Davidson--Murfreesboro--Franklin, TN",1792649,38155,3.8,102.2,57016,0.02875404,0.039704,,,174,97,26,15,1276,7.1,0.47,0,2743,15,0.08,"Drug, Bio-Affecting and Body Treating Compositions (includes Class 514)",0.49,47,TN,Tennessee,South,-86.693546,36.097439,3767,3020,21,16.8,61
17140,"Cincinnati, OH-KY-IN",2149449,47834,4.3,113.6,52851,0.011321484,0.019665113,,,147,68,48,22,1427,6.6,0.46,0,13482,63,0.06,"Drug, Bio-Affecting and Body Treating Compositions (includes Class 514)",0.48,39,OH,Ohio,Midwest,-84.461753,39.190626,3511,3104,16.3,14.4,58.9
41700,"San Antonio-New Braunfels, TX",2328652,47112,4.1,100.5,43172,0.030981251,0.045973744,,,86,37,18,8,1499,6.4,0.46,0,4341,19,0.07,"DP: Financial, Business Practice, Management, or Cost/Price Determination (Data Processing)",0.48,48,TX,Texas,South,-98.494545,29.490713,4246,3234,18.2,13.9,48.7
26900,"Indianapolis-Carmel-Anderson, IN",1971274,39519,3.8,118.3,60009,0.015544897,0.014055425,,,138,70,31,16,1299,6.6,0.46,0,8519,43, -   ,"Drug, Bio-Affecting and Body Treating Compositions (includes Class 514)",0.48,18,IN,Indiana,Midwest,-86.127367,39.809311,3685,3309,18.7,16.8,58.1
17460,"Cleveland-Elyria, OH",2063598,62699,6.1,115.4,55937,0.006464889,0.013451605,,,169,82,54,26,1409,6.8,0.48,0,11295,55,0.04,Synthetic Resins or Natural Rubbers (includes Classes 520-528),0.51,39,OH,Ohio,Midwest,-81.692964,41.443568,3640,3509,17.6,17,50.9
12420,"Austin-Round Rock, TX",1943299,40844,3.6,110.7,56961,0.044732291,0.050768899,1,0.51,298,153,6,3,1370,7,0.47,0,33753,174,0.06,Memory (Electrical Computers and Digital Processing Systems),0.44,48,TX,Texas,South,-97.739188,30.324952,5318,3616,27.4,18.6,61.2
40900,"Sacramento--Roseville--Arden-Arcade, CA",2244397,52419,4.9,106.2,47317,0.019390634,0.022902211,,,69,31,7,3,1529,6.8,0.46,0,7717,34,0.05,Memory (Electrical Computers and Digital Processing Systems),0.49,6,CA,California,West,-121.326757,38.631388,4474,3666,19.9,16.3,40.5
16740,"Charlotte-Concord-Gastonia, NC-SC",2380314,60004,4.6,134.9,56686,0.026699728,0.035215939,,,151,63,38,16,1643,6.9,0.48,0,4592,19,0.06,"DP: Financial, Business Practice, Management, or Cost/Price Determination (Data Processing)",0.46,37,NC,North Carolina,South,-80.839252,35.244618,4542,3681,19.1,15.5,46
28140,"Kansas City, MO-KS",2071133,46189,4.1,112.9,54524,0.012945309,0.012022243,,,132,64,33,16,1402,6.8,0.46,0,7952,38,0.15,Telecommunications,0.48,29,MO,Missouri,Midwest,-94.569586,39.025787,5238,3742,25.3,18.1,59.6
38300,"Pittsburgh, PA",2355968,64065,5.3,130.2,55266,0.012485545,0.023620153,,,115,49,43,18,1820,7.7,0.47,0,10907,46,0.06,Synthetic Resins or Natural Rubbers (includes Classes 520-528),0.48,42,PA,Pennsylvania,Northeast,-79.919918,40.436134,4418,3860,18.8,16.4,51.7
29820,"Las Vegas-Henderson-Paradise, NV",2069681,53463,5.1,91.9,44424,0.018779649,0.016981058,,,91,44,25,12,1177,5.7,0.45,0,3799,18,0.3,Amusement Devices: Games,0.47,32,NV,Nevada,West,-115.149912,36.143366,5173,3904,25,18.9,59.5
41940,"San Jose-Sunnyvale-Santa Clara, CA",1952872,37141,3.5,223.1,114236,0.041780069,0.063412065,14,7.17,226,116,107,55,1636,8.4,0.47,0,143919,737,0.06,Multiplex Communications,0.37,6,CA,California,West,-121.895273,37.300913,4854,4049,24.9,20.7,83.6
12580,"Baltimore-Columbia-Towson, MD",2785874,66280,4.4,162.4,58281,0.018002706,0.014393715,,,237,85,26,9,1525,5.5,0.46,0,10637,38,0.09,"Drug, Bio-Affecting and Body Treating Compositions (includes Class 514)",0.5,24,MD,Maryland,South,-76.62769,39.298383,5609,4953,20.1,17.8,51.2
38900,"Portland-Vancouver-Hillsboro, OR-WA",2348247,44635,3.5,148.7,63315,0.039243622,0.010500401,,,183,78,14,6,2223,9.5,0.45,0,25717,110,0.06,Semiconductor Device Manufacturing: Process,0.44,41,OR,Oregon,West,-122.677088,45.511352,6297,4997,26.8,21.3,63.4
36740,"Orlando-Kissimmee-Sanford, FL",2321418,57314,4.4,109.2,47051,0.02154232,0.016224061,,,169,73,11,5,1692,7.3,0.47,0,5050,22,0.04,Power Plants,0.5,12,FL,Florida,South,-81.420795,28.560262,6933,5340,29.9,23,65.6
40140,"Riverside-San Bernardino-Ontario, CA",4441890,109378,5.5,125.5,28258,0.017429842,0.019773192,,,74,17,9,2,2056,4.6,0.44,0,6063,14,0.04,Surgery (includes Class 600),0.44,6,CA,California,West,-117.206547,33.98822,7123,5644,16,12.7,37.8
41180,"St. Louis, MO-IL",2806207,60707,4.1,138.5,49352,0.007205552,0.009393029,,,153,55,56,20,2096,7.5,0.46,0,10290,37,0.08,"Drug, Bio-Affecting and Body Treating Compositions (includes Class 514)",0.5,29,MO,Missouri,Midwest,-90.35156,38.654261,7322,5667,26.1,20.2,53.4
19740,"Denver-Aurora-Lakewood, CO",2754258,45152,2.9,178.4,64783,0.021652477,0.032180078,,,345,125,49,18,2148,7.8,0.46,0,11484,42,0.03,"DP: Financial, Business Practice, Management, or Cost/Price Determination (Data Processing)",0.45,8,CO,Colorado,West,-104.959472,39.703967,8230,6273,29.9,22.8,75.8
33460,"Minneapolis-St. Paul-Bloomington, MN-WI",3495176,73273,3.8,223.7,64008,0.016580387,0.025367521,,,295,84,96,27,2154,6.2,0.45,0,41750,119,0.09,"Surgery: Light, Thermal, and Electrical Application",0.48,27,MN,Minnesota,Midwest,-93.267848,44.993737,7668,6316,21.9,18.1,65.7
45300,"Tampa-St. Petersburg-Clearwater, FL",2915582,70307,4.7,120.3,41254,0.01722004,0.019697826,,,223,76,13,4,2040,7,0.48,0,6810,23,0.06,"Drug, Bio-Affecting and Body Treating Compositions (includes Class 514)",0.53,12,FL,Florida,South,-82.533881,28.031654,7611,6461,26.1,22.2,70.1
41740,"San Diego-Carlsbad, CA",3263431,67271,4.3,198.6,60841,0.021836394,0.02638316,1,0.31,352,108,20,6,2403,7.4,0.47,0,45465,139,0.09,Multiplex Communications,0.46,6,CA,California,West,-117.113136,32.883261,8546,6851,26.2,21,53.4
19820,"Detroit-Warren-Dearborn, MI",4296611,123155,5.9,221.2,51492,0.000243875,0.023213124,,,221,51,52,12,2913,6.8,0.47,0,37342,87,0.08,"DP: Vehicles, Navigation, and Relative Location (Data Processing)",0.46,26,MI,Michigan,Midwest,-83.195596,42.500767,8112,7384,18.9,17.2,56.6
38060,"Phoenix-Mesa-Scottsdale, AZ",4489109,105965,4.6,197.9,44087,0.018608296,0.017996286,,,328,73,36,8,2331,5.2,0.46,0,20933,47,0.07,"Active Solid-State Devices (e.g., Transistors, Solid-State Diodes)",0.48,4,AZ,Arizona,West,-112.000978,33.454574,9242,7501,20.6,16.7,60.7
42660,"Seattle-Tacoma-Bellevue, WA",3671478,77319,3.8,283.6,77245,0.025701707,0.028433841,2,0.54,351,96,42,11,3215,8.8,0.45,0,45055,123,0.08,DP: Database and File Management or Data Structures (Data Processing),0.43,53,WA,Washington,West,-122.263425,47.542018,9661,7754,26.3,21.1,58.2
14460,"Boston-Cambridge-Newton, MA-NH",4732161,"90,272",3.3,355.9,75210,0.015929324,0.016917838,5,1.06,587,124,85,18,4082,8.6,0.48,0,62653,132,0.09,"Drug, Bio-Affecting and Body Treating Compositions (includes Class 514)",0.5,25,MA,Massachusetts,Northeast,-71.106145,42.430164,10241,8659,21.6,18.3,59.5
41860,"San Francisco-Oakland-Hayward, CA",4594060,87956,3.5,378.8,82446,0.019112918,0.030717931,37,8.05,616,134,83,18,4972,10.8,0.49,0,89981,196,0.05,"Drug, Bio-Affecting and Body Treating Compositions (includes Class 514)",0.46,6,CA,California,West,-122.212105,37.764033,12508,9889,27.2,21.5,65.4
26420,"Houston-The Woodlands-Sugar Land, TX",6490180,194282,5.8,471.3,72616,0.029521678,0.044674886,,,406,63,165,25,3628,5.6,0.49,0,32197,50,0.16,"Wells (shafts or deep borings in the earth, e.g., for oil and gas)",0.41,48,TX,Texas,South,-95.42145,29.782985,13743,10269,21.2,15.8,59.3
47900,"Washington-Arlington-Alexandria, DC-VA-MD-WV",6033737,124519,3.7,442.4,73327,0.020558078,0.006948532,2,0.33,1167,193,79,13,4024,6.7,0.44,0,24699,41,0.09,"Drug, Bio-Affecting and Body Treating Compositions (includes Class 514)",0.47,51,VA,Virginia,South,-77.195002,38.891473,13969,11047,23.2,18.3,60.3
37980,"Philadelphia-Camden-Wilmington, PA-NJ-DE-MD",6051170,140123,4.5,368.2,60849,0.014011911,0.013138673,,,498,82,101,17,4050,6.7,0.48,0,32455,54,0.15,"Drug, Bio-Affecting and Body Treating Compositions (includes Class 514)",0.51,42,PA,Pennsylvania,Northeast,-75.243209,39.976657,12155,11234,20.1,18.6,55.3
12060,"Atlanta-Sandy Springs-Roswell, GA",5614323,147844,4.9,303.9,54130,0.013353032,0.022108424,1,0.18,666,119,79,14,3969,7.1,0.47,0,22970,41,0.06,Telecommunications,0.47,13,GA,Georgia,South,-84.346401,33.81922,13766,11262,24.5,20.1,58.3
19100,"Dallas-Fort Worth-Arlington, TX",6954330,157355,4.2,448.9,64546,0.028665852,0.040267936,,,567,82,113,16,4160,6,0.47,0,34900,50,0.08,Multiplex Communications,0.45,48,TX,Texas,South,-96.95558,32.846177,15800,11727,22.7,16.9,67.2
33100,"Miami-Fort Lauderdale-West Palm Beach, FL",5929819,156369,5,283.4,47799,0.016954819,0.02730904,2,0.34,447,75,36,6,4515,7.6,0.51,0,15724,27,0.04,Surgery (instruments),0.5,12,FL,Florida,South,-80.240069,26.08737,20921,17064,35.3,28.8,56.5
16980,"Chicago-Naperville-Elgin, IL-IN-WI",9554598,242348,4.9,570.1,59666,0.008759956,0.015712904,4,0.42,753,79,192,20,6372,6.7,0.48,0,46991,49,0.04,Telecommunications,0.48,17,IL,Illinois,Midwest,-87.867975,41.872023,21461,18854,22.5,19.7,60.1
35620,"New York-Newark-Jersey City, NY-NJ-PA",20092883,426342,4.3,1412.2,70283,0.013404572,0.012947847,11,0.55,1534,76,388,19,18258,9.1,0.51,0,102951,51,0.08,"Drug, Bio-Affecting and Body Treating Compositions (includes Class 514)",0.51,36,NY,New York,Northeast,-73.953516,40.757496,54894,48537,27.3,24.2,54.9
42200,"Santa Maria-Santa Barbara, CA",440668,10682,4.9,22.7,51474,0.019400326,0.023853183,1,2.27,35,79,8,18,376,8.5,0.48,0.01,4130,94,0.08,"Active Solid-State Devices (e.g., Transistors, Solid-State Diodes)",0.46,6,CA,California,West,-120.093457,34.639262,,,,,
31080,"Los Angeles-Long Beach-Anaheim, CA",13262220,301360,4.5,838.1,63195,0.019005014,0.021571826,4,0.3,965,73,114,9,9681,7.3,0.5,0,74568,56,0.04,"Drug, Bio-Affecting and Body Treating Compositions (includes Class 514)",0.46,6,CA,California,West,-118.154817,33.987469,,,,,
46520,"Urban Honolulu, HI",991788,12730,2.6,54.3,54722,0.021477514,0.010457898,,,16,16,9,9,790,8,0.42,0,990,10,0.04,"Drug, Bio-Affecting and Body Treating Compositions (includes Class 514)",0.49,15,HI,Hawaii,West,-157.913704,21.372464,,,,,
14010,"Bloomington, IL",190345,4553,4.7,9.4,49247,0.00550929,-0.006813877,,,1,5,4,21,135,7.1,0.46,0.01,437,23,0.25,Multicellular Living Organisms and Unmodified Parts Thereof and Related Processes,0.47,17,IL,Illinois,Midwest,-88.950868,40.465437,,,,,
29200,"Lafayette-West Lafayette, IN",211697,4254,3.8,8.8,41734,0.017153364,0.012547086,,,2,9,,,140,6.6,0.46,0.01,1610,76,0.12,"Drug, Bio-Affecting and Body Treating Compositions (includes Class 514)",0.44,18,IN,Indiana,Midwest,-86.876079,40.440868,,,,,
25940,"Hilton Head Island-Bluffton-Beaufort, SC",203022,3615,4.2,7.1,35026,0.003231033,-0.004877876,,,,,,,274,13.5,0.47,0.01,,,,,0.56,45,SC,South Carolina,South,-80.80344,32.337396,,,,,
27980,"Kahului-Wailuku-Lahaina, HI",163108,2694,3.1,7,43143,0.016709,0.010104542,,,3,18,,,185,11.3,0.44,0.01,,,,,0.48,15,HI,Hawaii,West,-156.494163,20.863936,,,,,
19300,"Daphne-Fairhope-Foley, AL",200111,4698,5.1,6.1,30433,0.028342832,0.017682218,,,4,20,,,211,10.5,0.46,0.01,,,,,0.48,1,AL,Alabama,South,-87.762466,30.548923,,,,,
48060,"Watertown-Fort Drum, NY",119103,2868,6.2,5.8,48630,0.017261118,-0.011343829,,,2,17,,,124,10.4,0.41,0.01,,,,,0.56,36,NY,New York,Northeast,-75.896597,44.019126,,,,,
15680,"California-Lexington Park, MD",110382,2235,4.1,5.4,49238,0.022358404,0.004210911,,,5,45,,,66,6,0.4,0.01,,,,,0.45,24,MD,Maryland,South,-76.578976,38.307327,,,,,
20700,"East Stroudsburg, PA",166314,4705,5.8,5,30310,0.007568419,-0.019795464,,,2,12,,,142,8.5,0.4,0.01,,,,,0.52,42,PA,Pennsylvania,Northeast,-75.308175,41.037308,,,,,
16540,"Chambersburg-Waynesboro, PA",152892,3429,4.5,4.5,29328,0.019621828,0.011683148,,,4,26,,,86,5.6,0.4,0.01,,,,,0.5,42,PA,Pennsylvania,Northeast,-77.656242,39.88274,,,,,
35100,"New Bern, NC",127534,2582,4.9,4.5,34924,0.008250742,-0.003773693,,,,,,,89,7,0.43,0.01,,,,,0.56,37,NC,North Carolina,South,-77.036641,35.067612,,,,,
16060,"Carbondale-Marion, IL",126685,3214,5.4,4.4,34898,0.015368343,0.00820542,,,1,8,,,97,7.7,0.49,0.01,,,,,0.58,17,IL,Illinois,Midwest,-89.117281,37.751925,,,,,
44420,"Staunton-Waynesboro, VA",119766,1963,3.3,4.4,36747,0.00177629,-0.002838651,,,1,8,,,78,6.5,0.44,0.01,,,,,0.46,51,VA,Virginia,South,-79.017309,38.124065,,,,,
13220,"Beckley, WV",123373,2425,5.4,4.3,34578,0.010005094,0.001554338,,,1,8,,,78,6.3,0.45,0.01,,,,,0.49,54,WV,West Virginia,South,-81.177436,37.867162,,,,,
33220,"Midland, MI",83427,2011,4.9,3.6,43379,-0.003217122,-0.003662101,,,1,12,,,46,5.5,0.46,0.01,,,,,0.5,26,MI,Michigan,Midwest,-84.298082,43.642776,,,,,
48260,"Weirton-Steubenville, WV-OH",121336,3569,7,3.5,29175,-0.005978232,0.006685704,,,,,,,86,7.1,0.44,0.01,81,7,0.1,Stock Material or Miscellaneous Articles,0.48,39,OH,Ohio,Midwest,-80.642501,40.38234,,,,,
24260,"Grand Island, NE",84755,1631,3.7,3.5,41756,0.022071775,0.009355569,,,2,24,,,66,7.8,0.43,0.01,,,,,0.48,31,NE,Nebraska,Midwest,-98.31425,40.953148,,,,,
14100,"Bloomsburg-Berwick, PA",85763,2150,5,3.5,40659,0.013830025,0.008048501,,,1,12,,,68,7.9,0.46,0.01,,,,,0.55,42,PA,Pennsylvania,Northeast,-76.442003,41.029029,,,,,
43420,"Sierra Vista-Douglas, AZ",127448,2997,5.9,3.5,27156,0.003865958,-0.033883057,,,2,16,,,98,7.7,0.45,0.01,,,,,0.48,4,AZ,Arizona,West,-110.063145,31.607358,,,,,
25220,"Hammond, LA",127049,3449,6.3,3.2,25408,0.028166148,-0.019003035,,,1,8,,,85,6.7,0.47,0.01,,,,,0.58,22,LA,Louisiana,South,-90.455523,30.571612,,,,,
10540,"Albany, OR",119356,2582,4.5,3.2,26919,0.008247095,0.015170274,,,,,,,83,7,0.42,0.01,,,,,0.38,41,OR,Oregon,West,-122.959647,44.554622,,,,,
31740,"Manhattan, KS",98091,1506,3,3,30095,0.0181448,0.007057571,,,5,51,,,58,5.9,0.46,0.01,305,31,0.11,"Drug, Bio-Affecting and Body Treating Compositions (includes Class 514)",0.46,20,KS,Kansas,Midwest,-96.559169,39.205551,,,,,
21420,"Enid, OK",63091,,,2.9,45315,0.036107068,0.046207367,,,1,16,,,38,6,,,,,,, -   ,40,OK,Oklahoma,South,-97.883789,36.398165,,,,,
13020,"Bay City, MI",106179,2964,5.7,2.8,26625,-0.003948483,-0.009353222,,,,,,,65,6.1,0.44,0.01,328,31,0.1,Land Vehicles,0.52,26,MI,Michigan,Midwest,-83.928441,43.630575,,,,,
16180,"Carson City, NV",54522,1263,5.1,2.7,50182,0.00250032,-0.004115366,,,1,18,,,51,9.4,0.45,0.02,70,13,0.21,Amusement Devices: Games,0.52,32,NV,Nevada,West,-119.753712,39.166135,,,,,
19060,"Cumberland, MD-WV",100530,2515,5.7,2.7,27076,0.006788837,-0.004637209,,,1,10,,,68,6.8,0.46,0.01,46,5,0.09,Excavating,0.51,24,MD,Maryland,South,-78.84615,39.584383,,,,,
38220,"Pine Bluff, AR",94716,1800,5.1,2.7,28622,-0.007680302,-0.023161179,,,,,,,36,3.8,0.48,0.01,25,3,0.08,Locks,0.44,5,AR,Arkansas,South,-92.008086,34.169487,,,,,
23900,"Gettysburg, PA",101714,2005,3.6,2.7,26535,0.010618249,0.003443969,,,1,10,,,73,7.2,0.4,0.01,,,,,0.51,42,PA,Pennsylvania,Northeast,-77.158635,39.851864,,,,,
26140,"Homosassa Springs, FL",139377,3238,6.7,2.7,19207,-0.000848411,-0.03875768,,,,,,,86,6.2,0.46,0.02,,,,,0.52,12,FL,Florida,South,-82.453527,28.863598,,,,,
23460,"Gadsden, AL",103531,2566,5.7,2.6,25055,0.003273152,-0.000461965,,,2,19,,,55,5.3,0.44,0.01,58,6,0.07,"DP: Measuring, Calibrating, or Testing (Data Processing)",0.52,1,AL,Alabama,South,-86.025408,34.013693,,,,,
19180,"Danville, IL",79728,2357,6.7,2.4,30504,0.000147013,-0.007555921,,,1,13,,,46,5.8,0.43,0.01,62,8,0.08,"Food or Edible Material: Processes, Compositions, and Products",0.49,17,IL,Illinois,Midwest,-87.654819,40.149683,,,,,
38540,"Pocatello, ID",83347,1422,3.4,2.3,27224,0.006543287,-0.008001717,,,1,12,,,57,6.8,0.44,0.01,145,17,0.07,"Food or Edible Material: Processes, Compositions, and Products",0.51,16,ID,Idaho,West,-112.423771,42.869212,,,,,
47460,"Walla Walla, WA",63829,1699,5.5,2.3,35517,0.0103376,-0.008763486,,,,,,,54,8.5,0.45,0.02,,,,,0.45,53,WA,Washington,West,-118.363376,46.093918,,,,,
45540,"The Villages, FL",114350,2123,7,2.1,17945,0.059634023,0.030708257,,,,,,,51,4.5,0.43,0.02,,,,,0.48,12,FL,Florida,South,-82.035415,28.825769,,,,,
30300,"Lewiston, ID-WA",62196,1048,3.3,1.9,31111,0.003291358,-0.000619004,,,,,,,42,6.8,0.42,0.01,38,6,0.11,"Static Structures (e.g., Buildings)",0.52,16,ID,Idaho,West,-116.991924,46.392113,,,,,
24420,"Grants Pass, OR",83599,1548,4.4,1.8,21854,0.012328406,0.006359281,,,1,12,,,72,8.6,0.47,0.02,,,,,0.53,41,OR,Oregon,West,-123.386702,42.404127,,,,,
42700,"Sebring, FL",98236,2475,6.7,1.7,17611,0.006864361,-0.011607698,,,,,,,57,5.8,0.46,0.02,,,,,0.63,12,FL,Florida,South,-81.442618,27.460415,,,,,
